timestamp_iso,elapsed_s,seq,warmup,acc_x,acc_y,acc_z,gyr_x,gyr_y,gyr_z,pred_acc_x,pred_acc_y,pred_acc_z,pred_gyr_x,pred_gyr_y,pred_gyr_z,read_latency_ms,infer_latency_ms,loop_latency_ms,late_by_ms
2026-05-15T19:50:31.752+08:00,0.04299729999999968,0,True,0.15322890625,0.6607996582031249,9.801861596679688,0.0,0.0,0.0,0.5180345773696899,0.5291107892990112,9.81161117553711,0.0008897352963685989,-0.003979230299592018,-0.00836572702974081,31.928200000000295,9.966899999999335,42.296200000000006,17.296200000000006
2026-05-15T19:50:32.594+08:00,0.8795596000000003,1,True,0.13407529296874998,0.63206923828125,9.801861596679688,0.0,0.0,0.0,0.5161958932876587,0.535364031791687,9.76375961303711,0.0021133506670594215,-0.007007749751210213,-0.008490008302032948,31.88169999999957,3.7671000000001342,36.05859999999961,11.058599999999608
2026-05-15T19:50:33.051+08:00,1.335255,2,True,0.16280571289062498,0.6272808349609375,9.811438403320311,0.0,0.0,0.0,0.5284565687179565,0.47144246101379395,9.788030624389648,-0.0015878891572356224,-0.00030339136719703674,-0.005461805500090122,31.78039999999971,2.7449999999999974,34.93300000000055,9.933000000000547
2026-05-15T19:50:33.526+08:00,1.8108757000000004,3,True,0.1388636962890625,0.6272808349609375,9.797073193359374,0.0,0.0021305288720633907,0.0,0.5185125470161438,0.4382585287094116,9.774921417236328,0.0027602454647421837,9.885802865028381e-05,-0.00810044165700674,31.870399999999854,3.6367999999997735,35.90859999999996,10.908599999999957
2026-05-15T19:50:34.044+08:00,2.3277482000000003,4,True,0.09576806640624999,0.63206923828125,9.811438403320311,-0.0021305288720633907,0.010652644360316953,0.0,0.4802745580673218,0.3539015054702759,9.791523933410645,-0.0027459580451250076,-0.0022583757527172565,-0.008899775333702564,31.686800000000126,2.6116000000007134,34.60739999999962,9.607399999999622
2026-05-15T19:50:34.406+08:00,2.6891619999999996,5,True,0.1292868896484375,0.59376201171875,9.801861596679688,0.0,0.0010652644360316954,0.0,0.5018802881240845,0.38964390754699707,9.79194450378418,0.0033905720338225365,-0.00011270632967352867,-0.009232202544808388,31.80719999999937,2.4649999999990513,34.58980000000089,9.589800000000892
2026-05-15T19:50:34.742+08:00,3.0243892999999993,6,True,0.09576806640624999,0.679953271484375,9.797073193359374,0.0,0.0010652644360316954,0.0,0.49940863251686096,0.5182154178619385,9.783478736877441,-0.015225593000650406,-0.008234158158302307,-0.005875139497220516,31.70219999999979,2.2252999999992085,34.161499999999734,9.161499999999734
2026-05-15T19:50:35.062+08:00,3.3465787999999996,7,True,0.143652099609375,0.59376201171875,9.80665,-0.005326322180158476,0.01597896654047543,0.0,0.4898013472557068,0.5268396139144897,9.780264854431152,0.00764504075050354,0.00348763819783926,-0.007539066020399332,31.607199999999835,3.2703999999998956,35.11769999999892,10.11769999999892
2026-05-15T19:50:35.389+08:00,3.6722666999999998,8,True,0.0909796630859375,0.6751648681640625,9.801861596679688,-0.003195793308095086,0.01171790879634865,0.0,0.4968380033969879,0.5919301509857178,9.747613906860352,-0.02149111032485962,0.006065697409212589,-0.0025366544723510742,31.723700000000576,2.525399999999678,34.511199999998965,9.511199999998965
2026-05-15T19:50:35.728+08:00,4.011033899999999,9,True,0.143652099609375,0.6177040283203125,9.797073193359374,-0.0021305288720633907,0.004261057744126781,0.0,0.5070145726203918,0.5968688726425171,9.792695045471191,0.001668732613325119,-0.00019341567531228065,-0.004364493303000927,31.643599999998884,2.1902000000011412,34.03650000000091,9.036500000000913
2026-05-15T19:50:36.041+08:00,4.3243139,10,True,0.143652099609375,0.622492431640625,9.80665,-0.0021305288720633907,0.003195793308095086,0.0,0.5236527919769287,0.7166039943695068,9.75361442565918,-0.001171603798866272,-0.0031274128705263138,-0.0037248479202389717,31.660799999999156,2.9789000000004506,34.90809999999911,9.90809999999911
2026-05-15T19:50:36.346+08:00,4.628023499999999,11,True,0.1292868896484375,0.6464344482421874,9.80665,-0.0021305288720633907,0.0010652644360316954,0.0,0.5063421130180359,0.6390596628189087,9.773778915405273,-0.006199511233717203,-0.006293888203799725,-0.003588298335671425,31.57279999999929,1.708800000001176,33.48249999999986,8.48249999999986
2026-05-15T19:50:36.649+08:00,4.932703699999999,12,True,0.12449848632812499,0.6607996582031249,9.80665,-0.003195793308095086,0.006391586616190172,0.0,0.4922773540019989,0.6706379652023315,9.759210586547852,-0.005231831222772598,-0.0017298003658652306,-0.004496048670262098,31.693900000000497,2.2543000000005975,34.18199999999949,9.18199999999949
2026-05-15T19:50:36.951+08:00,5.2337755999999995,13,True,0.143652099609375,0.63206923828125,9.80665,0.0,0.0010652644360316954,0.0,0.5172152519226074,0.6262519359588623,9.771883964538574,0.002957262098789215,-0.002590071875602007,-0.005359886679798365,31.740299999999166,2.0468000000004594,33.99920000000023,8.99920000000023
2026-05-15T19:50:37.246+08:00,5.528786,14,True,0.1292868896484375,0.6464344482421874,9.80665,0.005326322180158476,-0.005326322180158476,0.0,0.5108124017715454,0.8228516578674316,9.747726440429688,0.0018848031759262085,-0.009923751465976238,-0.004408279899507761,31.6951999999997,1.849399999999335,33.739500000001144,8.739500000001144
2026-05-15T19:50:37.506+08:00,5.788437999999999,15,True,0.26815058593749996,0.74699091796875,9.830592016601562,0.05752427954571155,0.0,0.0,0.590238630771637,0.7377946376800537,9.767847061157227,0.013760101050138474,-0.003641720861196518,-0.0021878178231418133,31.793999999999656,1.8200999999997691,33.8149000000012,8.814900000001202
2026-05-15T19:50:37.780+08:00,6.0625754,16,True,0.2154781494140625,0.612915625,9.835380419921874,0.003195793308095086,0.0,-0.007456851052221868,0.6242690086364746,0.6509448289871216,9.773551940917969,0.055708833038806915,-0.006173180416226387,-0.01005852222442627,31.723299999999455,2.4818999999993707,34.39900000000051,9.399000000000513
2026-05-15T19:50:38.052+08:00,6.3364808,17,True,0.009576806640625,0.5793968017578125,9.95987890625,-0.08522115488253562,-0.04367584187729951,-0.03728425526110934,0.5058323740959167,0.4570035934448242,9.93699836730957,-0.04254515469074249,-0.05124327540397644,-0.03288739174604416,31.849700000000425,2.8305999999993503,34.879000000000104,9.879000000000104
2026-05-15T19:50:38.350+08:00,6.6336282,18,True,0.033518823242187495,0.4070142822265625,9.935936889648437,-0.05965480841777494,0.012783173232380344,-0.03941478413317273,0.3540705740451813,0.5308356285095215,9.907848358154297,-0.05081760138273239,-0.021389493718743324,-0.04327179864048958,31.87899999999999,2.6199000000008965,34.73870000000012,9.738700000000122
2026-05-15T19:50:38.683+08:00,6.9674475000000005,19,True,0.08140285644531249,0.565031591796875,9.749189160156249,0.08309062601047223,0.036218990825077645,0.0021305288720633907,0.41243821382522583,0.6176586151123047,9.653183937072754,0.0013239989057183266,0.04047306999564171,-0.006046169903129339,31.688299999999003,3.99630000000073,35.93590000000013,10.935900000000132
2026-05-15T19:50:39.013+08:00,7.2975507,20,True,-0.1149216796875,0.9145850341796874,9.792284790039062,0.004261057744126781,0.007456851052221868,0.01384843766841204,0.39929503202438354,0.7587330341339111,9.727470397949219,-0.010143322870135307,0.005056358873844147,0.007692672312259674,31.731600000000526,2.3559999999989145,34.35269999999946,9.352699999999459
2026-05-15T19:50:39.357+08:00,7.6397995000000005,21,True,0.105344873046875,0.8188169677734375,9.821015209960937,0.020240024284602212,0.01171790879634865,0.008522115488253563,0.3973836600780487,0.9662277698516846,9.773592948913574,0.002210749313235283,0.0077176280319690704,0.007396540604531765,31.692299999999562,2.271599999998486,34.17229999999982,9.172299999999822
2026-05-15T19:50:39.708+08:00,7.991817299999999,22,True,0.16280571289062498,0.7422025146484375,9.720458740234374,-0.040480048569204424,-0.02769687533682408,-0.022370553156665602,0.557850182056427,0.9579148292541504,9.616007804870605,0.004536295309662819,-0.004082675091922283,-0.013985826633870602,31.65409999999902,2.7615999999994756,34.66630000000137,9.666300000001371
2026-05-15T19:50:40.073+08:00,8.357325,23,True,-0.0047884033203125,0.6081272216796875,9.787496386718749,0.06711165946999681,0.035153726389045944,-0.008522115488253563,0.41408348083496094,0.841738224029541,9.751358032226562,0.03668535500764847,-0.013133089058101177,-0.02054644003510475,31.666100000000696,2.655800000001207,34.628599999999565,9.628599999999565
2026-05-15T19:50:40.398+08:00,8.6807506,24,True,0.15322890625,0.6655880615234374,9.753977563476562,0.004261057744126781,-0.017044230976507126,-0.007456851052221868,0.44876524806022644,0.9078669548034668,9.59988784790039,0.03500334918498993,0.009712657891213894,-0.008427833206951618,31.570199999999105,2.292100000000019,34.050600000000486,9.050600000000486
2026-05-15T19:50:40.677+08:00,8.9607542,25,True,0.27293898925781246,0.3495534423828125,9.811438403320311,-0.09800432811491597,-0.0010652644360316954,-0.0234358175926973,0.6117515563964844,0.7894461154937744,9.687923431396484,-0.02328100986778736,-0.007106097415089607,-0.016613302752375603,31.994700000000265,2.486199999999883,34.73919999999886,9.73919999999886
2026-05-15T19:50:40.969+08:00,9.2513655,26,True,-0.0718260498046875,0.6368576416015624,9.797073193359374,-0.009587379924285258,-0.010652644360316953,0.021305288720633905,0.4318282902240753,0.9795470237731934,9.752029418945312,-0.10599550604820251,-0.03745643422007561,0.008033711463212967,31.486899999999096,2.142199999999761,33.833599999999464,8.833599999999464
2026-05-15T19:50:41.256+08:00,9.5386329,27,True,-0.0718260498046875,0.814028564453125,9.811438403320311,0.004261057744126781,0.008522115488253563,0.005326322180158476,0.26660028100013733,1.0122134685516357,9.693340301513672,-0.03369833528995514,-0.007529785856604576,0.013571523129940033,31.588400000000405,2.263499999999752,34.05419999999992,9.054199999999923
2026-05-15T19:50:41.552+08:00,9.8374741,28,True,0.028730419921875,0.9816226806640624,9.753977563476562,0.12037488127158158,0.020240024284602212,0.06711165946999681,0.3454071283340454,1.4542479515075684,9.548666000366211,0.04184944927692413,0.031728439033031464,0.05330869182944298,31.855600000000095,4.503800000000169,36.725899999998646,11.725899999998646
2026-05-15T19:50:41.864+08:00,10.1478189,29,True,0.16759411621093748,0.8044517578125,9.763554370117188,-0.026631610900792385,-0.004261057744126781,-0.003195793308095086,0.5203062295913696,1.2239422798156738,9.582342147827148,0.07685284316539764,0.015034777112305164,0.016608145087957382,31.664100000000417,2.402500000000529,34.31899999999999,9.318999999999988
2026-05-15T19:50:42.181+08:00,10.4635854,30,True,0.1580173095703125,0.43574470214843747,9.907206469726562,-0.0234358175926973,-0.03941478413317273,-0.01384843766841204,0.5804082751274109,1.0636475086212158,9.787296295166016,0.011202428489923477,-0.033996179699897766,-0.009188780561089516,31.778099999998588,1.7592999999997971,33.71879999999905,8.71879999999905
2026-05-15T19:50:42.480+08:00,10.763094200000001,31,True,0.1771709228515625,0.59376201171875,9.80665,0.03834951969714103,0.024501082028728992,-0.008522115488253563,0.4723450541496277,1.0255093574523926,9.679984092712402,-0.010363595560193062,-0.012815144844353199,-0.009022058919072151,31.680699999999007,2.1117000000003827,33.99699999999939,8.996999999999389
2026-05-15T19:50:42.755+08:00,11.037676999999999,32,True,0.277727392578125,0.5985504150390625,9.763554370117188,-0.01597896654047543,-0.005326322180158476,-0.007456851052221868,0.5790427923202515,1.2004759311676025,9.51956558227539,0.0028423676267266273,0.01872336119413376,-0.0029407148249447346,31.775600000003124,2.239900000002848,34.26899999999833,9.268999999998329
2026-05-15T19:50:43.048+08:00,11.330385499999998,33,True,0.2537853759765625,0.1484405029296875,10.060435375976562,-0.06604639503396512,0.003195793308095086,-0.026631610900792385,0.650892436504364,0.962651252746582,9.875207901000977,0.011760123074054718,-0.00977830309420824,-0.015828009694814682,31.71769999999796,2.105600000000152,34.02629999999718,9.026299999997178
2026-05-15T19:50:43.370+08:00,11.6528053,34,True,-0.143652099609375,1.0007762939453124,9.725247143554688,0.03408846195301425,0.012783173232380344,0.0,0.3505110442638397,1.373654842376709,9.677404403686523,-0.1421676129102707,-0.031484879553318024,-0.008272020146250725,31.690600000001012,1.8872000000023093,33.77129999999795,8.77129999999795
2026-05-15T19:50:43.673+08:00,11.9573133,35,True,0.0383072265625,0.814028564453125,9.773131176757811,-0.044741106313331204,0.006391586616190172,0.006391586616190172,0.3135982155799866,1.6561343669891357,9.513153076171875,0.0003964584320783615,0.011188971810042858,0.012008706107735634,31.814900000000534,2.36059999999938,34.4023,9.402299999999997
2026-05-15T19:50:44.054+08:00,12.337007499999999,36,True,0.17238251953125,0.7422025146484375,9.883264453125,-0.006391586616190172,-0.004261057744126781,0.0010652644360316954,0.5289114117622375,1.587378740310669,9.61126708984375,-0.010944997891783714,0.01719364896416664,0.010175992734730244,31.677800000000644,2.359800000000689,34.37449999999842,9.37449999999842
2026-05-15T19:50:44.378+08:00,12.6608472,37,True,0.09576806640624999,0.5889736083984375,9.811438403320311,-0.004261057744126781,-0.003195793308095086,-0.019174759848570515,0.5057127475738525,1.4890034198760986,9.708852767944336,0.008713552728295326,-0.011902650818228722,-0.007814130745828152,31.62990000000221,2.043000000000461,33.85120000000086,8.851200000000858
2026-05-15T19:50:44.687+08:00,12.970250799999999,38,True,0.15322890625,0.7230489013671875,9.744400756835937,0.040480048569204424,-0.006391586616190172,-0.007456851052221868,0.4837726354598999,1.5378501415252686,9.536043167114258,0.003269641660153866,-0.00866710301488638,-0.002937664743512869,31.73500000000118,2.4143000000016457,34.37259999999753,9.372599999997533
2026-05-15T19:50:45.046+08:00,13.329115900000001,39,True,0.06703764648437499,0.565031591796875,9.80665,-0.06391586616190172,0.005326322180158476,-0.040480048569204424,0.4491179883480072,1.4216010570526123,9.57803726196289,-0.011306422762572765,-0.008506338112056255,-0.022317783907055855,31.740700000000288,2.308599999999217,34.28780000000131,9.287800000001312
2026-05-15T19:50:45.371+08:00,13.6562038,40,True,-0.1292868896484375,0.70868369140625,9.821015209960937,0.017044230976507126,-0.004261057744126781,0.03195793308095086,0.2918272912502289,1.6296241283416748,9.625884056091309,-0.047614023089408875,-0.011140294373035431,0.015570012852549553,31.65570000000173,4.232799999996928,36.190900000001136,11.190900000001136
2026-05-15T19:50:45.761+08:00,14.043699400000001,41,True,-0.0909796630859375,0.9576806640625,9.854534033203125,0.07456851052221868,0.01597896654047543,0.03941478413317273,0.22989359498023987,1.8793652057647705,9.600467681884766,0.014115700498223305,0.011310416273772717,0.04495098069310188,31.693500000002928,2.487500000000864,34.376500000000476,9.376500000000476
2026-05-15T19:50:46.088+08:00,14.3703139,42,True,0.1484405029296875,0.9576806640625,9.734823950195311,-0.021305288720633905,-0.005326322180158476,-0.0021305288720633907,0.447252094745636,1.7713816165924072,9.463022232055664,0.010202240198850632,0.028089553117752075,0.0186258964240551,31.798999999999467,1.8601999999994234,33.847299999997915,8.847299999997915
2026-05-15T19:50:46.402+08:00,14.686684199999998,43,True,0.105344873046875,0.6177040283203125,9.758765966796874,0.024501082028728992,-0.006391586616190172,-0.018109495412538822,0.517039954662323,1.656576156616211,9.611492156982422,0.03252825886011124,-0.014574473723769188,-0.009700443595647812,31.765299999999996,3.0335000000007994,34.99869999999916,9.998699999999161
2026-05-15T19:50:46.697+08:00,14.9794911,44,True,0.143652099609375,0.6560112548828124,9.797073193359374,0.007456851052221868,0.005326322180158476,0.0,0.4552251696586609,1.5816233158111572,9.542243957519531,0.012705814093351364,-0.0033930656500160694,0.002330404706299305,31.841099999997624,1.8944999999988,33.93870000000021,8.93870000000021
2026-05-15T19:50:46.995+08:00,15.2780786,45,True,-0.2059013427734375,0.718260498046875,9.749189160156249,-0.03302319751698256,0.004261057744126781,0.05858954398174324,0.27682796120643616,1.582676887512207,9.542133331298828,-0.04283411055803299,-0.005747861694544554,0.05486184358596802,31.686600000000453,2.348300000001302,34.250400000001235,9.250400000001235
2026-05-15T19:50:47.317+08:00,15.59995,46,True,-0.1149216796875,1.0917559570312498,9.610325463867188,0.017044230976507126,0.005326322180158476,0.01597896654047543,0.18309251964092255,1.8053345680236816,9.385210990905762,-0.05901692062616348,-0.0007402123883366585,0.035446278750896454,31.562999999998453,2.3151000000005695,34.10129999999967,9.101299999999668
2026-05-15T19:50:47.662+08:00,15.946277299999998,47,True,-0.0383072265625,1.0821791503906248,9.811438403320311,-0.3494067350183961,-0.028762139772855775,0.005326322180158476,0.331617534160614,1.574744462966919,9.449522018432617,-0.21540933847427368,-0.0036876481026411057,0.02403397113084793,31.774899999998496,2.7680000000032123,34.7756999999973,9.7756999999973
2026-05-15T19:50:47.958+08:00,16.2409415,48,True,0.1867477294921875,0.5793968017578125,9.86411083984375,0.014913702104443736,0.0021305288720633907,-0.010652644360316953,0.4519290030002594,1.8482017517089844,9.65101432800293,-0.11352164298295975,-0.007586796768009663,0.0052291033789515495,31.646600000001968,2.1056999999977677,33.94839999999988,8.948399999999879
2026-05-15T19:50:48.290+08:00,16.5728228,49,True,0.076614453125,0.7757213378906249,9.591171850585937,0.028762139772855775,-0.007456851052221868,-0.009587379924285258,0.477893590927124,1.564168930053711,9.377481460571289,0.04507811367511749,-0.006572996731847525,-0.0036064181476831436,31.6465000000008,2.463599999998678,34.30409999999995,9.304099999999949
2026-05-15T19:50:48.596+08:00,16.8786976,50,True,0.19632453613281248,0.5746083984375,9.773131176757811,-0.06285060172587002,0.007456851052221868,-0.040480048569204424,0.48624730110168457,1.3177440166473389,9.467519760131836,-0.01007093209773302,-0.0016862950287759304,-0.02000817470252514,31.807900000000444,2.3437999999984527,34.39000000000192,9.390000000001919
2026-05-15T19:50:48.887+08:00,17.1700952,51,True,-0.0430956298828125,0.373495458984375,9.926360083007811,0.028762139772855775,-0.006391586616190172,0.01597896654047543,0.42348963022232056,1.2755470275878906,9.73502254486084,0.008129201829433441,-0.008890352211892605,0.0027736301999539137,31.65689999999799,2.2175999999980434,34.073799999998045,9.073799999998045
2026-05-15T19:50:49.167+08:00,17.4500962,52,True,-0.17238251953125,0.8044517578125,9.897629663085937,0.004261057744126781,0.004261057744126781,0.01171790879634865,0.20099525153636932,1.3521714210510254,9.66990852355957,-0.02798379398882389,-0.017658576369285583,0.02242528274655342,31.60700000000105,2.085600000000909,33.874499999999585,8.874499999999585
2026-05-15T19:50:49.462+08:00,17.7453514,53,True,0.2059013427734375,0.5889736083984375,10.390835205078124,-0.1810949541253882,-0.022370553156665602,-0.012783173232380344,0.43494027853012085,1.2077813148498535,9.958269119262695,-0.09313828498125076,0.010180328972637653,0.006521891802549362,31.696199999998953,2.5852000000021746,34.50359999999719,9.503599999997192
2026-05-15T19:50:49.787+08:00,18.0702269,54,True,0.16280571289062498,0.6177040283203125,9.792284790039062,-0.0021305288720633907,-0.003195793308095086,-0.01597896654047543,0.5970028638839722,1.450618028640747,9.712627410888672,-0.10279650241136551,-0.01364053227007389,-0.008045349270105362,31.7243999999981,2.2535000000019068,34.18110000000141,9.181100000001408
2026-05-15T19:50:50.118+08:00,18.4011673,55,True,0.13407529296874998,0.842758984375,9.5001921875,-0.21944447382252924,-0.021305288720633905,-0.022370553156665602,0.48793265223503113,1.2038910388946533,9.313385009765625,-0.13518257439136505,-0.030873648822307587,-0.0027805687859654427,31.907700000001427,2.2167000000017367,34.355600000001374,9.355600000001374
2026-05-15T19:50:50.447+08:00,18.7294738,56,True,0.1149216796875,0.5219359619140624,9.811438403320311,-0.08522115488253562,0.017044230976507126,-0.03834951969714103,0.45095905661582947,1.4405879974365234,9.465280532836914,-0.13390950858592987,-0.0005046650767326355,-0.01998644880950451,31.612200000001422,1.7783000000015647,33.58300000000014,8.58300000000014
2026-05-15T19:50:50.730+08:00,19.0132661,57,True,-0.181959326171875,0.9097966308593749,9.763554370117188,0.030892668644919165,0.0,0.03195793308095086,0.27794694900512695,1.4749412536621094,9.540742874145508,-0.045317672193050385,-0.00820411741733551,0.020808128640055656,31.779500000002514,2.647599999999528,34.621399999998914,9.621399999998914
2026-05-15T19:50:51.024+08:00,19.3071115,58,True,0.17238251953125,1.0917559570312498,9.677363110351562,-0.02769687533682408,0.010652644360316953,0.0234358175926973,0.3743020296096802,1.7217340469360352,9.375509262084961,-0.03727144002914429,0.02090524509549141,0.04228442907333374,31.720299999999924,2.581199999998063,34.56040000000016,9.560400000000158
2026-05-15T19:50:51.360+08:00,19.6436262,59,True,0.16280571289062498,0.7996633544921875,9.907206469726562,0.01384843766841204,-0.003195793308095086,0.004261057744126781,0.571162223815918,1.575606346130371,9.599723815917969,0.028553208336234093,0.01183533575385809,0.0178020391613245,31.677199999997185,2.210200000000384,34.09590000000051,9.095900000000512
2026-05-15T19:50:51.673+08:00,19.9569612,60,True,0.143652099609375,0.603338818359375,9.792284790039062,-0.035153726389045944,-0.006391586616190172,-0.026631610900792385,0.5163196325302124,1.3175275325775146,9.628585815429688,0.017231110483407974,-0.01921132206916809,-0.006984869483858347,31.879999999997466,2.567599999999004,34.73480000000251,9.734800000002508
2026-05-15T19:50:52.028+08:00,20.3113875,61,False,0.1484405029296875,0.5793968017578125,9.916783276367187,0.0,-0.0021305288720633907,-0.006391586616190172,0.5063800811767578,1.2512743473052979,9.678619384765625,-0.021521104499697685,-0.00775518175214529,-0.0013965779216960073,31.65660000000159,2.1675999999999362,34.012200000002935,9.012200000002935
2026-05-15T19:50:52.307+08:00,20.5901348,62,False,-0.009576806640625,0.411802685546875,9.97903251953125,-0.06711165946999681,0.006391586616190172,-0.02982740420888747,0.39064815640449524,1.19236159324646,9.731033325195312,-0.015658818185329437,-0.008443014696240425,-0.010101529769599438,31.758500000002243,2.0945000000018865,34.06510000000296,9.065100000002957
2026-05-15T19:50:52.587+08:00,20.869964,63,False,-0.2154781494140625,0.63206923828125,9.787496386718749,0.04793689962142629,0.007456851052221868,0.007456851052221868,0.2065369337797165,1.3271334171295166,9.628341674804688,-0.04564724117517471,-0.01149031799286604,0.005861181300133467,31.642299999997903,2.12850000000131,33.9615000000002,8.9615000000002
2026-05-15T19:50:52.871+08:00,21.1542983,64,False,-0.2442085693359375,0.8475473876953125,9.873687646484374,-0.030892668644919165,0.017044230976507126,-0.008522115488253563,0.12308365851640701,1.4168424606323242,9.581937789916992,-0.02726990170776844,0.008860289119184017,0.00995913241058588,31.70159999999811,2.1813000000001637,34.079899999998275,9.079899999998275
2026-05-15T19:50:53.142+08:00,21.4261739,65,False,0.11013327636718749,0.9624690673828125,9.773131176757811,-0.04154531300523612,-0.007456851052221868,0.007456851052221868,0.3665958344936371,1.5728418827056885,9.505422592163086,-0.0802895724773407,0.027783453464508057,0.01770777814090252,31.663900000001632,2.763099999999241,34.63469999999802,9.63469999999802
2026-05-15T19:50:53.438+08:00,21.7210012,66,False,0.0909796630859375,0.5363011718749999,9.868899243164062,-0.01384843766841204,-0.006391586616190172,-0.03834951969714103,0.499409943819046,1.4782941341400146,9.6759033203125,0.0317985862493515,-0.016208603978157043,-0.0105973482131958,31.686000000000547,2.2165999999970154,34.13409999999928,9.134099999999279
2026-05-15T19:50:53.731+08:00,22.0134175,67,False,-0.009576806640625,0.7517793212890624,9.65342109375,0.0916127414987258,0.0021305288720633907,-0.019174759848570515,0.3832434415817261,1.5335264205932617,9.480569839477539,0.03126927465200424,-0.015891775488853455,-0.01834593154489994,31.690100000002275,1.7047999999988406,33.58199999999911,8.581999999999113
2026-05-15T19:50:54.003+08:00,22.2872538,68,False,0.06703764648437499,0.5793968017578125,9.777919580078125,-0.07137271721412358,0.008522115488253563,-0.04154531300523612,0.3697125017642975,1.337838888168335,9.46371078491211,0.008537424728274345,0.003513110801577568,-0.020289598032832146,31.65560000000056,3.3469000000003746,35.246399999998346,10.246399999998346
2026-05-15T19:50:54.358+08:00,22.6420212,69,False,-0.2154781494140625,0.9576806640625,9.739612353515625,0.009587379924285258,0.004261057744126781,0.017044230976507126,0.25160837173461914,1.669581413269043,9.509824752807617,-0.10127665847539902,-0.012823361903429031,0.009402059949934483,31.84830000000005,2.211500000001365,34.26109999999838,9.261099999998379
2026-05-15T19:50:54.699+08:00,22.9827213,70,False,-0.062249243164062495,0.9720458740234375,9.854534033203125,0.06498113059793342,0.020240024284602212,0.05326322180158477,0.22055462002754211,2.0089733600616455,9.553506851196289,0.03289274126291275,0.01627311110496521,0.056805409491062164,31.63950000000071,2.5134000000015533,34.3913000000029,9.3913000000029
2026-05-15T19:50:55.022+08:00,23.3063552,71,False,0.1580173095703125,0.9720458740234375,9.686939916992188,-0.05858954398174324,-0.003195793308095086,0.0,0.4787832796573639,1.7559397220611572,9.365375518798828,-0.002604725770652294,0.035973500460386276,0.026661710813641548,31.735399999998748,2.6744000000000767,34.61210000000037,9.612100000000368
2026-05-15T19:50:55.330+08:00,23.6133753,72,False,0.0718260498046875,0.565031591796875,9.811438403320311,0.017044230976507126,-0.006391586616190172,-0.018109495412538822,0.507071852684021,1.5931744575500488,9.657556533813477,0.01704312488436699,-0.01760805770754814,-0.004195943009108305,31.826999999999828,1.9107999999974368,33.915199999999146,8.915199999999146
2026-05-15T19:50:55.617+08:00,23.9008223,73,False,0.08140285644531249,0.6607996582031249,9.7683427734375,0.01597896654047543,-0.0010652644360316954,-0.006391586616190172,0.4114876687526703,1.5376613140106201,9.52290153503418,0.0153624527156353,-0.011520113795995712,0.0019455654546618462,31.81109999999876,2.153199999998634,34.158800000000156,9.158800000000156
2026-05-15T19:50:55.895+08:00,24.177641,74,False,0.0718260498046875,0.229843359375,10.117896215820313,0.3238403885536354,0.04793689962142629,0.03408846195301425,0.380033940076828,1.7307705879211426,9.796470642089844,0.250254362821579,0.037614330649375916,0.024398889392614365,31.652199999999908,2.0117999999982317,33.880999999997385,8.880999999997385
2026-05-15T19:50:56.189+08:00,24.4721061,75,False,-0.1292868896484375,0.699106884765625,9.926360083007811,0.014913702104443736,0.0,0.0021305288720633907,0.3519113063812256,1.273207187652588,9.68331527709961,0.11783508956432343,0.01469889935106039,0.017344966530799866,31.69860000000213,2.3438999999996213,34.26980000000057,9.269800000000572
2026-05-15T19:50:56.507+08:00,24.7908855,76,False,-0.12449848632812499,1.0103531005859374,9.821015209960937,0.13102752563189854,0.014913702104443736,0.07776430383031376,0.2736331522464752,1.8745319843292236,9.649592399597168,-0.03787592053413391,0.0023070424795150757,0.057227056473493576,31.73789999999954,2.3805999999986227,34.339199999998016,9.339199999998016
2026-05-15T19:50:56.847+08:00,25.1306772,77,False,0.22505495605468748,0.74699091796875,9.797073193359374,-0.035153726389045944,-0.004261057744126781,-0.006391586616190172,0.4542829692363739,1.846893548965454,9.461724281311035,0.07981451600790024,0.009802755899727345,0.03886132314801216,31.71700000000044,2.7279000000000053,34.69129999999865,9.691299999998648
2026-05-15T19:50:57.214+08:00,25.4981632,78,False,0.0383072265625,0.7326257080078125,9.753977563476562,0.08096009713840885,0.0,-0.008522115488253563,0.5148618817329407,1.6516361236572266,9.537588119506836,0.022139443084597588,-0.009310131892561913,-0.007365434896200895,31.780400000002373,3.2938000000015677,35.34840000000017,10.348400000000169
2026-05-15T19:50:57.567+08:00,25.8496989,79,False,0.105344873046875,0.49799394531249996,9.801861596679688,-0.10333065029507445,-0.005326322180158476,-0.03408846195301425,0.4170037806034088,1.5069732666015625,9.608137130737305,0.0029940223321318626,-0.014466887339949608,-0.013685411773622036,31.803799999998716,2.189299999997729,34.21990000000008,9.21990000000008
2026-05-15T19:50:57.850+08:00,26.1335661,80,False,-0.354341845703125,1.0390835205078124,9.682151513671874,0.07456851052221868,0.019174759848570515,0.01171790879634865,0.1579694002866745,1.8487658500671387,9.458483695983887,-0.1023053526878357,-0.012948148883879185,0.0035669514909386635,31.641799999999165,2.1447999999999467,33.971699999998606,8.971699999998606
2026-05-15T19:50:58.160+08:00,26.4434238,81,False,0.105344873046875,1.024718310546875,9.840168823242188,0.09800432811491597,0.019174759848570515,0.10120012142301106,0.2595643401145935,2.2832467555999756,9.457071304321289,0.11162146180868149,0.039710935205221176,0.08541557937860489,31.73659999999856,2.1431000000013967,34.072500000000616,9.072500000000616
2026-05-15T19:50:58.457+08:00,26.740144599999997,82,False,0.38307226562499996,0.47884033203125,9.974244116210937,-0.01384843766841204,-0.005326322180158476,-0.009587379924285258,0.7045398950576782,1.6509499549865723,9.643951416015625,0.1065865308046341,0.04111733287572861,0.03628087043762207,31.638800000003187,2.1320999999971946,33.95929999999936,8.95929999999936
2026-05-15T19:50:58.743+08:00,27.026444799999997,83,False,0.27293898925781246,0.6943184814453125,9.605537060546874,0.14594122773634227,0.030892668644919165,-0.018109495412538822,0.723914623260498,1.5431411266326904,9.608835220336914,0.04023100435733795,0.0012330347672104836,-0.025604400783777237,31.53660000000258,2.644500000002381,34.38739999999996,9.387399999999957
2026-05-15T19:50:59.039+08:00,27.323062099999998,84,False,0.181959326171875,0.47884033203125,9.787496386718749,-0.08202536157444054,0.01384843766841204,-0.050067428493489684,0.5715751051902771,1.4691710472106934,9.523290634155273,0.04293340444564819,0.007701775059103966,-0.02909068949520588,31.802899999995304,2.693299999997123,34.91019999999878,9.910199999998781
2026-05-15T19:50:59.382+08:00,27.665870899999998,85,False,-0.2825157958984375,0.7230489013671875,9.983820922851562,0.10333065029507445,0.003195793308095086,-0.01384843766841204,0.2584754228591919,1.6907117366790771,9.80108642578125,-0.038733579218387604,-0.019343608990311623,-0.0205059964209795,31.620000000003756,2.5752999999966164,34.40230000000355,9.40230000000355
2026-05-15T19:50:59.709+08:00,27.993112900000003,86,False,0.33039982910156246,1.158793603515625,9.485826977539062,-0.10333065029507445,-0.03302319751698256,0.017044230976507126,0.456656813621521,1.9373927116394043,9.300113677978516,-0.05680065602064133,-0.0011373581364750862,0.02419385313987732,31.72789999999992,3.105599999997821,35.12209999999527,10.122099999995271
2026-05-15T19:51:00.095+08:00,28.378632800000002,87,False,0.086191259765625,0.2537853759765625,10.041281762695311,-0.0468716351853946,-0.03302319751698256,-0.049002164057457984,0.6308215856552124,1.6909549236297607,9.784445762634277,0.016488943248987198,-0.031016193330287933,-0.016346225515007973,31.700399999998297,2.960000000001628,34.954700000000116,9.954700000000116
2026-05-15T19:51:00.411+08:00,28.6945608,88,False,-0.0383072265625,0.1292868896484375,9.964667309570311,-0.10865697247523293,-0.04793689962142629,0.07456851052221868,0.3705814778804779,1.241844654083252,9.849767684936523,-0.041156310588121414,-0.0500594861805439,0.05851669982075691,31.648300000000518,2.178899999996986,34.05330000000362,9.053300000003617
2026-05-15T19:51:00.716+08:00,28.9992402,89,False,-0.181959326171875,0.9911994873046874,9.916783276367187,-0.0926780059347575,0.01384843766841204,0.01171790879634865,0.16702128946781158,1.544931411743164,9.633307456970215,-0.24347449839115143,-0.00786666665226221,0.050599437206983566,31.806700000004184,2.0304000000024303,34.02189999999905,9.02189999999905
2026-05-15T19:51:01.035+08:00,29.3174472,90,False,0.4261678955078125,0.36391865234375,9.801861596679688,-0.0692421883420602,-0.008522115488253563,-0.018109495412538822,0.582332193851471,1.8081977367401123,9.556436538696289,-0.0052298069931566715,0.02362164482474327,-0.0016201947582885623,31.64049999999463,2.3168000000026723,34.17670000000328,9.17670000000328
2026-05-15T19:51:01.327+08:00,29.610014000000003,91,False,0.33518823242187495,0.5315127685546874,9.773131176757811,0.012783173232380344,-0.009587379924285258,-0.006391586616190172,0.8300033807754517,1.4442400932312012,9.604483604431152,-0.00742024090141058,-0.0050359852612018585,-0.007539193611592054,31.664799999994386,1.970199999995259,33.83110000000045,8.831100000000447
2026-05-15T19:51:01.600+08:00,29.8822936,92,False,-0.086191259765625,0.143652099609375,9.849745629882811,0.010652644360316953,-0.007456851052221868,0.07456851052221868,0.4325166940689087,1.5374643802642822,9.79401969909668,0.05161396414041519,-0.02612009271979332,0.06754501163959503,31.762800000002755,2.0985000000024456,34.05310000000128,9.05310000000128
2026-05-15T19:51:01.892+08:00,30.1752906,93,False,-0.15322890625,1.1252747802734375,9.892841259765625,0.04793689962142629,0.021305288720633905,0.03195793308095086,0.1618904024362564,1.59175705909729,9.559657096862793,-0.07918369024991989,0.007272261194884777,0.05432483181357384,31.551200000002666,2.264500000002556,34.05419999999992,9.054199999999923
2026-05-15T19:51:02.185+08:00,30.4674164,94,False,0.3112462158203125,0.6847416748046875,9.495403784179686,-0.06604639503396512,-0.007456851052221868,-0.019174759848570515,0.5283635854721069,1.8442213535308838,9.278837203979492,-0.008252199739217758,0.023921143263578415,0.01140456274151802,31.71040000000147,2.208699999997066,34.13910000000442,9.139100000004419
2026-05-15T19:51:02.492+08:00,30.776469799999997,95,False,0.11013327636718749,0.5315127685546874,9.773131176757811,0.014913702104443736,-0.005326322180158476,-0.005326322180158476,0.6421718001365662,1.5745463371276855,9.579376220703125,0.018890829756855965,-0.010778086259961128,-0.007209624629467726,31.693799999999328,2.673200000003817,34.57970000000188,9.579700000001878
2026-05-15T19:51:02.790+08:00,31.0731585,96,False,-0.43574470214843747,0.7996633544921875,9.749189160156249,0.08309062601047223,0.010652644360316953,0.009587379924285258,0.11819929629564285,1.7440059185028076,9.67410945892334,0.01543242298066616,-0.03474649414420128,0.011966594494879246,31.64160000000038,2.008299999999963,33.828499999998485,8.828499999998485
2026-05-15T19:51:03.080+08:00,31.363541700000003,97,False,-0.45010991210937495,1.216254443359375,9.945513696289062,0.160854929840786,0.0234358175926973,0.06285060172587002,-0.11825208365917206,2.150784969329834,9.565232276916504,0.08002477884292603,0.02306845411658287,0.05587690696120262,31.640400000000568,2.466900000001715,34.30250000000257,9.302500000002567
2026-05-15T19:51:03.452+08:00,31.736341200000002,98,False,0.258573779296875,0.40222587890625,9.935936889648437,0.018109495412538822,-0.014913702104443736,-0.05645901510967986,0.38241857290267944,1.6957809925079346,9.64674186706543,0.17536814510822296,0.04293980821967125,-0.011910175904631615,31.644900000003418,3.424799999997674,35.39609999999982,10.39609999999982
2026-05-15T19:51:03.793+08:00,32.076648000000006,99,False,-0.06703764648437499,0.0383072265625,10.141838232421874,0.2748382244961774,0.03728425526110934,0.03834951969714103,0.5058920979499817,1.4007058143615723,10.025312423706055,0.21656353771686554,0.016772624105215073,0.004738740157335997,31.716100000004133,2.1752000000034855,34.11129999999929,9.11129999999929
2026-05-15T19:51:04.076+08:00,32.358587799999995,100,False,-0.3687070556640625,0.8283937744140625,10.070012182617187,-0.05219795736555307,0.004261057744126781,0.010652644360316953,0.1266927421092987,1.1925048828125,9.908021926879883,0.017481327056884766,-0.00666083162650466,0.02624395303428173,31.79670000000101,2.130499999999813,34.12789999999433,9.127899999994327
2026-05-15T19:51:04.384+08:00,32.666820200000004,101,False,0.277727392578125,1.0678139404296874,9.773131176757811,0.07030745277809189,0.005326322180158476,-0.028762139772855775,0.4068676829338074,1.9471418857574463,9.588359832763672,-0.09054408967494965,0.0315411202609539,-0.014233977533876896,31.605100000000164,2.6133000000001516,34.471700000004546,9.471700000004546
2026-05-15T19:51:04.699+08:00,32.9817779,102,False,0.26815058593749996,0.45968671875,9.830592016601562,0.08628641931856733,-0.017044230976507126,-0.021305288720633905,0.7221283316612244,1.907104730606079,9.60608196258545,0.17615577578544617,-0.008490472100675106,-0.01927534118294716,31.61869999999567,2.2093000000040774,34.025000000006855,9.025000000006855
2026-05-15T19:51:05.003+08:00,33.2867306,103,False,-0.076614453125,0.0,9.916783276367187,0.12144014570761327,0.026631610900792385,0.06391586616190172,0.37196147441864014,1.328798770904541,9.781475067138672,0.17968200147151947,-0.004386410117149353,0.04768340289592743,31.57579999999882,2.7550999999945702,34.5310000000012,9.5310000000012
2026-05-15T19:51:05.351+08:00,33.634978399999994,104,False,0.24899697265624998,1.5179238525390624,9.313444458007812,0.08522115488253562,0.0234358175926973,0.09587379924285258,0.446979820728302,1.7502546310424805,9.06309700012207,-0.11354365944862366,0.04048077389597893,0.09583105891942978,31.681400000003634,2.8338999999988346,34.76810000000086,9.768100000000857
2026-05-15T19:51:05.669+08:00,33.952403399999994,105,False,0.39264907226562495,0.44532150878906246,9.873687646484374,-0.03834951969714103,-0.03408846195301425,-0.0468716351853946,0.8307584524154663,1.8900516033172607,9.610710144042969,0.10938858985900879,-0.004183512181043625,-0.0022561228834092617,31.68820000000494,2.3040999999963674,34.20229999999691,9.20229999999691
2026-05-15T19:51:06.088+08:00,34.372208400000005,106,False,-0.5267243652343749,0.622492431640625,9.897629663085937,0.030892668644919165,0.0021305288720633907,0.06604639503396512,0.2481936514377594,1.4688427448272705,9.868382453918457,0.0012185005471110344,-0.04739769548177719,0.041684072464704514,31.772000000003686,2.7356999999952336,34.784299999998325,9.784299999998325
2026-05-15T19:51:06.444+08:00,34.7277617,107,False,0.1771709228515625,1.2306196533203124,9.935936889648437,-0.030892668644919165,0.003195793308095086,0.020240024284602212,0.19631366431713104,2.040236234664917,9.54123306274414,-0.11020065099000931,0.021371454000473022,0.05519499257206917,31.755199999999206,2.821199999999635,34.795199999997806,9.795199999997806
2026-05-15T19:51:06.771+08:00,35.054245699999996,108,False,0.43574470214843747,0.5746083984375,9.706093530273437,0.049002164057457984,-0.019174759848570515,-0.030892668644919165,0.828881025314331,1.9806599617004395,9.439356803894043,0.09426327049732208,0.027674805372953415,-0.0071462602354586124,31.726700000000108,2.248700000002657,34.18179999999893,9.18179999999893
2026-05-15T19:51:07.086+08:00,35.369238300000006,109,False,-0.603338818359375,0.7134720947265625,9.8449572265625,0.14913702104443735,0.007456851052221868,0.02982740420888747,0.2179059386253357,1.7170765399932861,9.818012237548828,0.12142641842365265,-0.06355467438697815,0.016869893297553062,31.668499999994992,2.1272000000038815,33.991100000001495,8.991100000001495
2026-05-15T19:51:07.389+08:00,35.67276,110,False,0.45489831542968745,1.714248388671875,9.323021264648437,-0.28336033998443094,-0.028762139772855775,0.04261057744126781,0.34912291169166565,1.8801445960998535,8.949384689331055,-0.2608519494533539,0.015416118316352367,0.07327830791473389,31.75159999999977,2.2526999999996633,34.21250000000242,9.212500000002422
2026-05-15T19:51:07.722+08:00,36.004872500000005,111,False,0.24899697265624998,0.5363011718749999,9.777919580078125,0.08735168375459902,-0.026631610900792385,-0.050067428493489684,0.8319390416145325,2.3966543674468994,9.536870956420898,0.034792616963386536,-0.010976518504321575,-0.01373971439898014,31.58679999999947,2.4958999999995513,34.29599999999766,9.295999999997662
2026-05-15T19:51:08.042+08:00,36.325534899999994,112,False,-0.21068974609375,0.17238251953125,10.002974536132811,0.044741106313331204,0.007456851052221868,0.024501082028728992,0.28878656029701233,1.4560418128967285,9.876288414001465,0.2045164704322815,-0.03711618110537529,0.007551264949142933,31.66549999999546,2.9588000000018155,34.88829999999865,9.888299999998651
2026-05-15T19:51:08.353+08:00,36.636023800000004,113,False,-0.258573779296875,1.149216796875,9.801861596679688,-0.04793689962142629,0.010652644360316953,0.008522115488253563,0.08388693630695343,1.5065782070159912,9.475683212280273,-0.18333177268505096,0.01285370159894228,0.019311754032969475,31.715900000001795,2.347799999995459,34.25930000000221,9.259300000002213
2026-05-15T19:51:08.706+08:00,36.990900100000005,114,False,0.24899697265624998,0.6272808349609375,9.868899243164062,0.010652644360316953,0.0,-0.02769687533682408,0.4918130040168762,2.062429189682007,9.584794998168945,0.03015556000173092,0.01952992007136345,-0.003511956427246332,31.719000000002495,3.5312999999987937,35.558299999998155,10.558299999998155
2026-05-15T19:51:09.043+08:00,37.327574799999994,115,False,0.2825157958984375,0.6607996582031249,9.811438403320311,0.05326322180158477,-0.01597896654047543,-0.01384843766841204,0.742149293422699,1.707780361175537,9.638269424438477,0.0556829571723938,-0.0033585219644010067,-0.011255192570388317,31.6434000000001,2.496600000000626,34.35619999999773,9.356199999997727
2026-05-15T19:51:09.389+08:00,37.6709465,116,False,-0.229843359375,0.5793968017578125,9.82580361328125,0.036218990825077645,0.003195793308095086,0.03195793308095086,0.3502334654331207,1.6554596424102783,9.709400177001953,0.041119784116744995,-0.03225342184305191,0.027370108291506767,31.676600000004385,1.755299999999238,33.61780000000181,8.617800000001807
2026-05-15T19:51:09.718+08:00,38.00165869999999,117,False,0.0047884033203125,1.0295067138671874,9.725247143554688,-0.0010652644360316954,0.01171790879634865,0.060720072853806636,0.23366838693618774,1.8331825733184814,9.382528305053711,-0.05076508969068527,0.02002847194671631,0.06584611535072327,31.620799999998894,2.3976999999959503,34.28710000000024,9.287100000000237
2026-05-15T19:51:10.059+08:00,38.342560199999994,118,False,0.3064578125,0.9816226806640624,9.586383447265625,0.003195793308095086,-0.005326322180158476,-0.004261057744126781,0.5933771729469299,2.0187442302703857,9.264959335327148,-0.02580130286514759,0.029968298971652985,0.029607316479086876,31.659699999998736,2.1462999999997123,33.997499999998126,8.997499999998126
2026-05-15T19:51:10.368+08:00,38.651703100000006,119,False,0.028730419921875,0.32082302246093747,10.041281762695311,0.040480048569204424,-0.020240024284602212,-0.03728425526110934,0.5805098414421082,1.6438543796539307,9.874813079833984,0.1184527575969696,-0.03991745784878731,-0.02725500985980034,31.69460000000157,2.4752999999932968,34.35919999999726,9.359199999997259
2026-05-15T19:51:10.698+08:00,38.9806239,120,False,-0.3112462158203125,0.3112462158203125,10.065223779296874,0.0234358175926973,0.010652644360316953,-0.12889699675983513,0.15475519001483917,1.1291677951812744,9.918846130371094,0.03549071401357651,-0.03873863443732262,-0.10234242677688599,31.575000000003683,2.2212000000010335,34.00090000000233,9.000900000002332
2026-05-15T19:51:11.031+08:00,39.3145679,121,False,-0.181959326171875,1.158793603515625,9.974244116210937,0.021305288720633905,0.021305288720633905,0.012783173232380344,0.10184716433286667,1.790595293045044,9.638531684875488,-0.1231904923915863,0.026012763381004333,-0.018648972734808922,31.616499999998382,2.556099999999617,34.415899999999056,9.415899999999056
2026-05-15T19:51:11.320+08:00,39.6029171,122,False,0.354341845703125,0.5602431884765625,9.557653027343749,-0.05965480841777494,-0.010652644360316953,-0.02556634646476069,0.5466383695602417,1.978644847869873,9.336313247680664,0.022269563749432564,0.02629879117012024,0.01322887558490038,31.761299999999437,2.100400000003333,34.04859999999843,9.04859999999843
2026-05-15T19:51:11.721+08:00,40.005328500000005,123,False,-0.33039982910156246,0.32561142578124996,10.0748005859375,-0.07137271721412358,0.026631610900792385,-0.06711165946999681,0.3563527464866638,1.263106107711792,9.826391220092773,-0.023111440241336823,-0.021902097389101982,-0.05057697370648384,31.713499999995065,2.84690000000154,34.90990000000238,9.90990000000238
2026-05-15T19:51:12.096+08:00,40.3800282,124,False,-0.105344873046875,1.1827356201171875,9.667786303710937,-0.05432848623761646,0.014913702104443736,0.017044230976507126,0.1308727264404297,1.8243913650512695,9.489965438842773,-0.20822907984256744,-0.002295267768204212,0.00657188193872571,31.750799999997525,2.0122999999969693,33.954199999996604,8.954199999996604
2026-05-15T19:51:12.371+08:00,40.6545306,125,False,0.38786066894531246,0.8283937744140625,9.897629663085937,-0.0937432703707892,-0.017044230976507126,0.0,0.6117340326309204,2.1078553199768066,9.500234603881836,-0.05479516088962555,0.02686590701341629,0.03104366362094879,31.690099999998722,2.209800000002815,34.13470000000274,9.134700000002738
2026-05-15T19:51:12.665+08:00,40.9477249,126,False,0.1771709228515625,0.6416460449218749,9.811438403320311,-0.008522115488253563,-0.01384843766841204,-0.036218990825077645,0.7143155336380005,1.787142038345337,9.727327346801758,-0.011357458308339119,-0.03308765962719917,-0.013871042989194393,31.789400000000967,1.8586999999996578,33.84009999999904,8.84009999999904
2026-05-15T19:51:12.949+08:00,41.2319706,127,False,0.1867477294921875,0.5315127685546874,9.744400756835937,-0.07243798165015529,0.010652644360316953,-0.03834951969714103,0.49745985865592957,1.5053138732910156,9.572572708129883,-0.034358613193035126,-0.018176419660449028,-0.031661368906497955,31.676500000003216,2.167700000001105,34.02579999999489,9.025799999994888
2026-05-15T19:51:13.226+08:00,41.509639199999995,128,False,-0.27293898925781246,0.40222587890625,9.983820922851562,0.06498113059793342,0.007456851052221868,-0.01171790879634865,0.28320324420928955,1.6477103233337402,9.742877960205078,0.01628408394753933,-0.0049820831045508385,-0.008698517456650734,31.658799999995324,2.105899999996552,33.950699999998335,8.950699999998335
2026-05-15T19:51:13.512+08:00,41.7979184,129,False,-0.062249243164062495,1.177947216796875,9.873687646484374,0.10120012142301106,0.01384843766841204,0.06711165946999681,0.19000643491744995,1.9682488441467285,9.592597961425781,0.0013132430613040924,0.01279596146196127,0.05861777812242508,31.839800000000196,3.3296000000007098,35.47489999999698,10.474899999996978
2026-05-15T19:51:13.823+08:00,42.107479999999995,130,False,0.3687070556640625,0.6512228515624999,10.050858569335936,0.05326322180158477,-0.0010652644360316954,-0.040480048569204424,0.5998823046684265,1.9393231868743896,9.704294204711914,0.1169871985912323,0.03174205124378204,0.0008614786202087998,31.79970000000054,2.722999999996034,34.845199999999465,9.845199999999465
2026-05-15T19:51:14.161+08:00,42.4452357,131,False,-0.062249243164062495,0.44053310546874996,9.816226806640625,-0.04793689962142629,0.01384843766841204,-0.05326322180158477,0.5419532060623169,1.3773267269134521,9.738146781921387,0.01917841099202633,-0.01274141389876604,-0.03896169364452362,31.795900000005872,2.8605999999982146,34.96080000000035,9.960800000000347
2026-05-15T19:51:14.536+08:00,42.8203621,132,False,-0.2920926025390625,1.1923124267578125,9.658209497070311,0.06178533728983833,0.003195793308095086,-0.003195793308095086,0.1532677859067917,1.9407610893249512,9.529054641723633,-0.11698755621910095,-0.029432371258735657,-0.008642110042273998,31.78540000000396,2.977099999995403,35.0798999999995,10.079899999999498
2026-05-15T19:51:14.887+08:00,43.1697966,133,False,0.2920926025390625,1.20667763671875,9.548076220703125,-0.060720072853806636,-0.012783173232380344,-0.007456851052221868,0.44379645586013794,2.2611191272735596,9.136850357055664,-0.027754362672567368,0.020216695964336395,0.018085693940520287,31.84530000000052,2.3107999999965045,34.41059999999396,9.410599999993963
2026-05-15T19:51:15.205+08:00,43.487537700000004,134,False,0.3016694091796875,0.565031591796875,9.787496386718749,0.15872440096872262,-0.009587379924285258,-0.0234358175926973,0.7105809450149536,2.07731032371521,9.539836883544922,0.14942258596420288,-0.007569706998765469,-0.012539665214717388,31.749599999997713,2.0421000000041545,34.01549999999531,9.015499999995313
2026-05-15T19:51:15.483+08:00,43.76718459999999,135,False,-0.229843359375,0.47884033203125,9.662997900390625,0.005326322180158476,0.02556634646476069,0.1150485590914231,0.29222971200942993,1.5993735790252686,9.537729263305664,0.11108080297708511,-0.006617790553718805,0.0929056853055954,31.63449999999557,2.2900000000021237,34.125899999999376,9.125899999999376
2026-05-15T19:51:15.794+08:00,44.077748,136,False,-0.39264907226562495,0.9864110839843749,9.964667309570311,-0.05965480841777494,0.007456851052221868,-0.006391586616190172,0.0493435338139534,1.5425138473510742,9.623151779174805,-0.12622112035751343,0.00013357261195778847,0.04157421365380287,31.76530000000355,2.4421999999972854,34.420300000000736,9.420300000000736
2026-05-15T19:51:16.082+08:00,44.365566,137,False,0.3112462158203125,1.1013327636718748,9.639055883789062,0.03834951969714103,-0.006391586616190172,-0.014913702104443736,0.450305700302124,2.1271958351135254,9.438282012939453,-0.06617069989442825,0.030976034700870514,-0.006979437079280615,31.58510000000092,2.5721999999959166,34.37749999999795,9.377499999997951
2026-05-15T19:51:16.369+08:00,44.65197499999999,138,False,0.22505495605468748,0.507570751953125,9.782707983398437,0.15020228548046904,-0.01597896654047543,-0.0234358175926973,0.7149354815483093,2.004420042037964,9.59122085571289,0.19683799147605896,-0.010898632928729057,-0.014337881468236446,31.7481000000015,1.735600000003501,33.67210000000398,8.67210000000398
2026-05-15T19:51:16.638+08:00,44.9217898,139,False,0.22505495605468748,-0.0718260498046875,10.012551342773437,-0.010652644360316953,-0.0010652644360316954,0.07989483270237716,0.5675271153450012,1.2552931308746338,9.811784744262695,0.14044499397277832,-0.002548624761402607,0.06358616799116135,31.75669999999542,1.9459999999966726,33.88830000000098,8.888300000000982
2026-05-15T19:51:16.927+08:00,45.209859699999996,140,False,-0.17238251953125,1.235408056640625,9.595960253906249,-0.10120012142301106,0.01597896654047543,0.035153726389045944,0.30827462673187256,1.4261698722839355,9.448734283447266,-0.27990785241127014,-0.004408337641507387,0.05692850425839424,31.64740000000421,2.0002999999988447,33.84009999999904,8.84009999999904
2026-05-15T19:51:17.211+08:00,45.49511939999999,141,False,0.5746083984375,0.6177040283203125,9.701305126953125,-0.1832254829974516,-0.014913702104443736,-0.012783173232380344,0.6941338181495667,1.9337387084960938,9.429937362670898,-0.11937525868415833,0.014719012193381786,0.017808007076382637,31.73590000000104,2.97220000000209,34.94620000000026,9.94620000000026
2026-05-15T19:51:17.546+08:00,45.8288424,142,False,0.44532150878906246,0.38307226562499996,9.682151513671874,-0.05645901510967986,0.003195793308095086,-0.050067428493489684,0.9241932034492493,1.5599620342254639,9.471939086914062,-0.041464969515800476,0.0009221602231264114,-0.031617172062397,31.701500000004046,2.114699999999914,34.02250000000606,9.022500000006062
2026-05-15T19:51:17.878+08:00,46.1615498,143,False,-0.4740519287109375,1.3024457031249999,9.696516723632811,0.185356011869515,0.019174759848570515,0.08415589044650393,0.2216394990682602,2.218677520751953,9.600537300109863,-0.030049115419387817,-0.029362153261899948,0.05486456677317619,31.727199999998845,2.49600000000072,34.50780000000009,9.507800000000088
2026-05-15T19:51:18.207+08:00,46.492203599999996,144,False,0.229843359375,1.158793603515625,9.686939916992188,0.009587379924285258,-0.003195793308095086,-0.03408846195301425,0.25135868787765503,2.224200963973999,9.25754451751709,0.10973111540079117,0.019510045647621155,0.015391044318675995,31.63889999999725,2.948700000004578,34.80549999999738,9.80549999999738
2026-05-15T19:51:18.562+08:00,46.845989200000005,145,False,0.1580173095703125,0.7805097412109374,9.6917283203125,0.10120012142301106,-0.0681769239060285,-0.01597896654047543,0.7210714221000671,1.9360520839691162,9.485107421875,0.09188157320022583,-0.030809026211500168,-0.008994976058602333,31.73309999999674,2.9499000000043907,34.940500000004704,9.940500000004704
2026-05-15T19:51:18.973+08:00,47.257756799999996,146,False,-0.4165910888671875,0.833182177734375,9.667786303710937,0.02982740420888747,0.005326322180158476,0.010652644360316953,0.14292794466018677,1.7605228424072266,9.58519172668457,0.07725159823894501,-0.06448749452829361,0.00919911079108715,31.71820000000025,2.504000000001838,34.45719999999852,9.457199999998522
2026-05-15T19:51:19.263+08:00,47.546648000000005,147,False,-0.12449848632812499,0.8906430175781249,9.739612353515625,-0.05752427954571155,-0.004261057744126781,-0.0010652644360316954,0.04195097088813782,1.862614631652832,9.302438735961914,-0.04368802160024643,0.015593725256621838,0.01943051815032959,31.683199999996248,2.7365999999986457,34.617900000000645,9.617900000000645
2026-05-15T19:51:19.598+08:00,47.8818426,148,False,0.1149216796875,0.9097966308593749,9.8449572265625,0.1619201942768177,0.014913702104443736,0.08948221262666241,0.4239353537559509,2.1889541149139404,9.545958518981934,0.05289553105831146,0.047427304089069366,0.07682756334543228,31.73370000000375,2.5337999999948124,34.469299999997816,9.469299999997816
2026-05-15T19:51:19.924+08:00,48.2081343,149,False,0.0909796630859375,0.7852981445312499,9.744400756835937,-0.0234358175926973,0.0,-0.004261057744126781,0.49745848774909973,1.7517704963684082,9.569190979003906,0.09352384507656097,-0.0026305844075977802,0.03483390808105469,31.696900000000028,2.319399999997529,34.25870000000231,9.258700000002307
2026-05-15T19:51:20.241+08:00,48.5248464,150,False,0.17238251953125,0.5458779785156249,9.811438403320311,0.0,-0.004261057744126781,-0.005326322180158476,0.53882896900177,1.5639326572418213,9.612533569335938,-0.006916817743331194,-0.006775883492082357,-0.0006632722215726972,31.719200000004832,2.0810000000039963,34.03029999999774,9.030299999997737
2026-05-15T19:51:20.522+08:00,48.806016099999994,151,False,0.033518823242187495,0.6943184814453125,9.811438403320311,0.0,0.0010652644360316954,0.0,0.44986492395401,1.6948697566986084,9.609020233154297,-0.020907875150442123,-0.008613651618361473,0.005364636890590191,31.675399999997467,2.094100000000765,33.95489999999768,8.954899999997679
2026-05-15T19:51:20.823+08:00,49.1082414,152,False,0.0526724365234375,0.7230489013671875,9.801861596679688,0.0,-0.004261057744126781,0.0,0.4092482030391693,1.7689051628112793,9.594650268554688,-0.016505490988492966,-0.0068036699667572975,0.011299078352749348,31.74170000000487,3.1111000000052513,35.144500000001244,10.144500000001244
2026-05-15T19:51:21.139+08:00,49.4223915,153,False,0.05746083984375,0.7565677246093749,9.801861596679688,0.0010652644360316954,-0.010652644360316953,0.0,0.42954766750335693,1.7490723133087158,9.587600708007812,-0.007452359423041344,-0.008138633333146572,0.0077265165746212006,31.61229999999904,2.3161000000015974,34.142099999996844,9.142099999996844
2026-05-15T19:51:21.438+08:00,49.7216962,154,False,0.047884033203124995,0.7517793212890624,9.801861596679688,0.0,0.0010652644360316954,0.0,0.4080204665660858,1.774998426437378,9.572174072265625,-0.00768028199672699,-0.002696224022656679,0.008193094283342361,31.75279999999958,2.2526999999996633,34.24940000000021,9.249400000000207
2026-05-15T19:51:21.796+08:00,50.079037,155,False,0.047884033203124995,0.7517793212890624,9.797073193359374,0.003195793308095086,-0.006391586616190172,0.0,0.41468533873558044,1.749950647354126,9.594808578491211,-0.005590572487562895,-0.00371957547031343,0.007084107957780361,31.716399999993428,1.7490999999978385,33.67030000000426,8.67030000000426
2026-05-15T19:51:22.123+08:00,50.4073209,156,False,0.023942016601562498,0.737414111328125,9.797073193359374,0.0021305288720633907,-0.005326322180158476,0.0021305288720633907,0.393368124961853,1.717381238937378,9.6031494140625,-0.0057001616805791855,-0.006499592214822769,0.009067454375326633,31.57120000000191,3.037700000000143,34.87230000000352,9.87230000000352
2026-05-15T19:51:22.412+08:00,50.696,157,False,0.06703764648437499,0.6464344482421874,9.811438403320311,0.0,-0.0010652644360316954,0.0,0.40455368161201477,1.6419827938079834,9.622674942016602,0.005517277866601944,-0.0013681771233677864,0.008100820705294609,31.733299999999076,2.5785999999996534,34.51410000000266,9.514100000002657
2026-05-15T19:51:22.697+08:00,50.9810926,158,False,-0.0047884033203125,0.7278373046875,9.648632690429688,0.1139832946553914,-0.0021305288720633907,-0.01384843766841204,0.3851645886898041,1.714716911315918,9.486625671386719,0.05491939187049866,-0.0037142557557672262,-0.006135593168437481,31.70449999999647,2.4086000000025365,34.30309999999537,9.303099999995368
2026-05-15T19:51:22.996+08:00,51.2786143,159,False,0.1580173095703125,0.4836287353515625,9.758765966796874,-0.09480853480682089,0.014913702104443736,-0.03408846195301425,0.4348136782646179,1.3613288402557373,9.477548599243164,0.021518463268876076,0.009183774702250957,-0.01842965930700302,31.75309999999598,2.0189999999971064,33.984700000004864,8.984700000004864
2026-05-15T19:51:23.282+08:00,51.566065800000004,160,False,-0.15322890625,0.4836287353515625,9.849745629882811,0.008522115488253563,-0.009587379924285258,-0.007456851052221868,0.35571715235710144,1.4209885597229004,9.66685676574707,-0.055135734379291534,-0.010683638975024223,-0.011406074278056622,31.73890000000057,2.879200000002413,34.854899999999134,9.854899999999134
2026-05-15T19:51:23.598+08:00,51.8809019,161,False,-0.201112939453125,1.0965443603515623,9.730035546875,0.024501082028728992,0.01171790879634865,0.021305288720633905,0.13977770507335663,1.737534999847412,9.51113510131836,-0.05280440300703049,-0.010738191194832325,0.02196389064192772,31.62070000000483,2.177599999996005,33.98220000000407,8.98220000000407
2026-05-15T19:51:23.925+08:00,52.2087384,162,False,0.22026655273437498,0.9050082275390624,9.797073193359374,0.03302319751698256,0.0010652644360316954,-0.0021305288720633907,0.40737923979759216,1.9442646503448486,9.43864631652832,0.04170314967632294,0.030461817979812622,0.014329733327031136,31.75319999999715,2.228100000003508,34.25899999999871,9.258999999998707
2026-05-15T19:51:24.271+08:00,52.5549238,163,False,0.0383072265625,0.5506663818359374,9.835380419921874,0.03302319751698256,-0.007456851052221868,-0.020240024284602212,0.5400516390800476,1.5685255527496338,9.631454467773438,0.08848700672388077,-0.009829949587583542,-0.0011887549189850688,31.805999999996004,3.1558000000018183,35.338799999998116,10.338799999998116
2026-05-15T19:51:24.671+08:00,52.954408900000004,164,False,-0.0047884033203125,0.7278373046875,9.835380419921874,-0.01597896654047543,-0.010652644360316953,0.0,0.36822786927223206,1.4750115871429443,9.635139465332031,-0.015583732165396214,-0.022832540795207024,0.002514811232686043,31.606199999998807,2.315699999996923,34.22490000000522,9.22490000000522
2026-05-15T19:51:25.031+08:00,53.3167246,165,False,0.047884033203124995,0.6751648681640625,9.797073193359374,-0.020240024284602212,0.004261057744126781,-0.005326322180158476,0.37261897325515747,1.5632555484771729,9.518369674682617,-0.028939003124833107,0.0016969013959169388,0.011896315962076187,31.68160000000597,4.279799999999057,36.33870000000172,11.338700000001722
2026-05-15T19:51:25.339+08:00,53.6225221,166,False,0.047884033203124995,0.6751648681640625,9.792284790039062,0.005326322180158476,0.003195793308095086,0.0,0.4050094485282898,1.6198844909667969,9.53498363494873,-0.00234253890812397,0.0035405289381742477,0.00956722628325224,31.79879999999713,2.2354999999976144,34.2172000000005,9.217200000000503
2026-05-15T19:51:25.628+08:00,53.911404399999995,167,False,0.047884033203124995,0.6847416748046875,9.792284790039062,0.003195793308095086,0.0010652644360316954,0.0021305288720633907,0.40562835335731506,1.4968950748443604,9.55921745300293,0.0003544054925441742,0.0015560667961835861,0.011263001710176468,31.627000000000294,2.052800000001298,33.88299999999589,8.882999999995889
2026-05-15T19:51:25.944+08:00,54.2270656,168,False,0.0526724365234375,0.74699091796875,9.763554370117188,0.01597896654047543,0.003195793308095086,0.005326322180158476,0.4071033000946045,1.6509592533111572,9.508399963378906,-0.003899306058883667,0.002623661421239376,0.01583048328757286,31.590100000002508,2.1665000000012924,34.02580000000199,9.025800000001993
2026-05-15T19:51:26.269+08:00,54.552088299999994,169,False,-0.16280571289062498,0.679953271484375,10.046070166015625,0.006391586616190172,-0.0021305288720633907,0.0021305288720633907,0.29279494285583496,1.464355707168579,9.766746520996094,0.014804881066083908,-0.014005560427904129,0.011441526003181934,31.70870000000292,1.901999999994075,33.7980999999985,8.798099999998499
2026-05-15T19:51:26.590+08:00,54.873673999999994,170,False,0.009576806640625,0.74699091796875,9.811438403320311,-0.0021305288720633907,-0.009587379924285258,-0.0010652644360316954,0.2900296449661255,1.6206555366516113,9.615200996398926,-0.013507924042642117,-0.0030344356782734394,0.010042602196335793,31.64910000000276,2.681000000002598,34.53590000000162,9.535900000001618
2026-05-15T19:51:26.913+08:00,55.196253999999996,171,False,0.5219359619140624,0.21068974609375,9.763554370117188,0.009587379924285258,0.044741106313331204,-0.003195793308095086,0.6478325724601746,1.4461560249328613,9.417445182800293,0.0684337243437767,0.06398481130599976,0.008952127769589424,31.73060000000305,2.5535999999988235,34.49799999999925,9.497999999999251
2026-05-15T19:51:27.262+08:00,55.5477506,172,False,0.12449848632812499,0.5410895751953124,9.811438403320311,0.0,0.0010652644360316954,0.0,0.7225621938705444,1.294879674911499,9.60737419128418,-0.013706698082387447,0.004904226399958134,0.001775624812580645,31.789100000004566,3.824399999999173,35.94469999999461,10.944699999994612
2026-05-15T19:51:27.594+08:00,55.877865400000005,173,False,0.105344873046875,0.5267243652343749,9.811438403320311,0.0010652644360316954,0.0,0.0,0.47111624479293823,1.5103397369384766,9.662849426269531,-0.026675689965486526,-0.02038894034922123,0.010270725935697556,31.70449999999647,2.192799999995998,34.12749999999676,9.127499999996758
2026-05-15T19:51:27.926+08:00,56.209040099999996,174,False,0.1005564697265625,0.5363011718749999,9.811438403320311,0.0,0.0010652644360316954,0.0,0.4450705051422119,1.560659646987915,9.51742172241211,-0.0046240054070949554,0.003184596076607704,0.008922019973397255,31.58470000000335,1.9435999999970477,33.725199999999234,8.725199999999234
2026-05-15T19:51:28.255+08:00,56.5386668,175,False,0.1149216796875,0.5267243652343749,9.80665,0.0,0.0010652644360316954,0.0,0.45976755023002625,1.4961273670196533,9.560588836669922,-0.00237917248159647,0.004248172976076603,0.011059273965656757,31.710599999996703,1.7275000000012142,33.63760000000582,8.637600000005818
2026-05-15T19:51:28.568+08:00,56.8512798,176,False,0.11013327636718749,0.5458779785156249,9.811438403320311,0.0,0.0,0.0,0.4674714207649231,1.5528602600097656,9.582775115966797,-0.006416488438844681,0.0010624099522829056,0.008619613014161587,31.70009999999479,1.882600000001844,33.77760000000052,8.777600000000518
2026-05-15T19:51:28.879+08:00,57.1625538,177,False,0.1005564697265625,0.5267243652343749,9.811438403320311,0.0,0.0010652644360316954,0.0,0.45530709624290466,1.4772546291351318,9.564531326293945,-0.005044480320066214,-0.00016171997413039207,0.011452162638306618,31.74020000000155,2.3076000000017416,34.266600000002256,9.266600000002256
2026-05-15T19:51:29.188+08:00,57.47196219999999,178,False,0.1149216796875,0.5363011718749999,9.816226806640625,0.0,0.0010652644360316954,0.0,0.45836931467056274,1.519059658050537,9.584379196166992,-0.004337376449257135,0.001354358159005642,0.008051690645515919,31.579999999998165,2.365300000001014,34.148499999993476,9.148499999993476
2026-05-15T19:51:29.493+08:00,57.777846999999994,179,False,0.1005564697265625,0.5363011718749999,9.811438403320311,0.0,0.0,0.0,0.4529755711555481,1.4738438129425049,9.587371826171875,-0.004922207910567522,-0.00035612843930721283,0.009561007842421532,31.751799999995,3.04919999999953,35.06579999999815,10.065799999998148
2026-05-15T19:51:29.850+08:00,58.133221500000005,180,False,0.105344873046875,0.5363011718749999,9.80665,0.0,0.0,0.0,0.4481754004955292,1.4848849773406982,9.586262702941895,-0.006006878800690174,-0.000588477123528719,0.008577106520533562,31.877600000001394,2.263599999999144,34.37670000000281,9.376700000002813
2026-05-15T19:51:30.180+08:00,58.463461300000006,181,False,0.105344873046875,0.5410895751953124,9.816226806640625,0.0,0.0,0.0,0.4525158703327179,1.40181565284729,9.580368041992188,-0.006300858687609434,-0.001763531006872654,0.00903208740055561,31.643199999997762,2.219699999997715,34.06880000000001,9.06880000000001
2026-05-15T19:51:30.543+08:00,58.82904690000001,182,False,0.1197100830078125,0.5363011718749999,9.816226806640625,0.0,0.0,0.0,0.4612390398979187,1.4313840866088867,9.590750694274902,-0.005592184141278267,-0.0005309204570949078,0.008825857192277908,31.862700000004907,3.8569999999964466,35.97410000000423,10.974100000004228
2026-05-15T19:51:30.901+08:00,59.1841666,183,False,0.09576806640624999,0.507570751953125,9.811438403320311,0.0,0.0,0.0,0.4441106617450714,1.3244564533233643,9.596653938293457,-0.0036691767163574696,-0.0023470125161111355,0.008596517145633698,31.72800000000109,2.379000000004794,34.332500000004984,9.332500000004984
2026-05-15T19:51:31.221+08:00,59.5050682,184,False,0.11013327636718749,0.5315127685546874,9.80665,0.0,0.0,0.0,0.45033612847328186,1.3620436191558838,9.586609840393066,-0.0070771705359220505,-0.002412746660411358,0.009171700105071068,31.72800000000109,2.7067000000045027,34.73440000000494,9.734400000004939
2026-05-15T19:51:31.507+08:00,59.7904166,185,False,0.0909796630859375,0.4836287353515625,9.739612353515625,0.006391586616190172,-0.0010652644360316954,0.0,0.4363674819469452,1.243316650390625,9.548711776733398,0.0008224751800298691,-0.0027432171627879143,0.009004843421280384,31.803099999990536,2.0548000000104594,34.05270000000371,9.05270000000371
