variant,variant_label,changed_term,changed_weight_value,time_l1,mse,spectral,metric,metric_label,metric_direction,mean,std,delta_vs_baseline,delta_percent_vs_baseline,num_seeds,seed_list
baseline,Baseline,none,baseline,1.0,0.5,0.2,rmse,RMSE,lower,0.3892449973131426,0.00256181414131393,0.0,0.0,5,"42,43,44,45,46"
baseline,Baseline,none,baseline,1.0,0.5,0.2,pearson,Pearson,higher,0.849562089304361,0.0008579111678394216,0.0,0.0,5,"42,43,44,45,46"
baseline,Baseline,none,baseline,1.0,0.5,0.2,psd_distance,PSD Dist.,lower,0.054005124441730654,0.0010129176862791022,0.0,0.0,5,"42,43,44,45,46"
baseline,Baseline,none,baseline,1.0,0.5,0.2,hf_ratio_improvement,HF Improve.,higher,8.298204231420382,0.019320112981927887,0.0,0.0,5,"42,43,44,45,46"
baseline,Baseline,none,baseline,1.0,0.5,0.2,acc_norm_rmse,Acc Norm RMSE,lower,0.5210113366461447,0.0014185627378263932,0.0,0.0,5,"42,43,44,45,46"
baseline,Baseline,none,baseline,1.0,0.5,0.2,gyr_norm_rmse,Gyr Norm RMSE,lower,0.1776291696654489,0.002293732572432512,0.0,0.0,5,"42,43,44,45,46"
l1_0p25,L1 = 0.25,time_l1,0.25,0.25,0.5,0.2,rmse,RMSE,lower,0.39444306570964216,0.0027226020054731057,0.0051980683964995555,1.3354233021311706,5,"42,43,44,45,46"
l1_0p25,L1 = 0.25,time_l1,0.25,0.25,0.5,0.2,pearson,Pearson,higher,0.8496984860860668,0.0003842930895305502,0.0001363967817058498,0.016054951535977118,5,"42,43,44,45,46"
l1_0p25,L1 = 0.25,time_l1,0.25,0.25,0.5,0.2,psd_distance,PSD Dist.,lower,0.054042573078747026,0.0009315532578271156,3.744863701637263e-05,0.06934274738460829,5,"42,43,44,45,46"
l1_0p25,L1 = 0.25,time_l1,0.25,0.25,0.5,0.2,hf_ratio_improvement,HF Improve.,higher,8.298650714659821,0.03972236995438862,0.00044648323943974333,0.005380480245944971,5,"42,43,44,45,46"
l1_0p25,L1 = 0.25,time_l1,0.25,0.25,0.5,0.2,acc_norm_rmse,Acc Norm RMSE,lower,0.5290937764494817,0.001547303320880001,0.008082439803337005,1.5512982606799504,5,"42,43,44,45,46"
l1_0p25,L1 = 0.25,time_l1,0.25,0.25,0.5,0.2,gyr_norm_rmse,Gyr Norm RMSE,lower,0.18098381925462456,0.0018927865054183602,0.003354649589175668,1.8885690877764598,5,"42,43,44,45,46"
l1_0p5,L1 = 0.5,time_l1,0.5,0.5,0.5,0.2,rmse,RMSE,lower,0.39098567297347236,0.0009616718995523023,0.0017406756603297602,0.44719281489683704,5,"42,43,44,45,46"
l1_0p5,L1 = 0.5,time_l1,0.5,0.5,0.5,0.2,pearson,Pearson,higher,0.8493886332063292,0.0006258712608891175,-0.00017345609803176565,-0.02041711844437351,5,"42,43,44,45,46"
l1_0p5,L1 = 0.5,time_l1,0.5,0.5,0.5,0.2,psd_distance,PSD Dist.,lower,0.05355520722530214,0.0008406502350209236,-0.00044991721642851507,-0.83310097158272,5,"42,43,44,45,46"
l1_0p5,L1 = 0.5,time_l1,0.5,0.5,0.5,0.2,hf_ratio_improvement,HF Improve.,higher,8.33057879668478,0.016381522510539603,0.03237456526439786,0.39013941283602743,5,"42,43,44,45,46"
l1_0p5,L1 = 0.5,time_l1,0.5,0.5,0.5,0.2,acc_norm_rmse,Acc Norm RMSE,lower,0.5248046968776514,0.002177551679772254,0.0037933602315066706,0.7280763324509015,5,"42,43,44,45,46"
l1_0p5,L1 = 0.5,time_l1,0.5,0.5,0.5,0.2,gyr_norm_rmse,Gyr Norm RMSE,lower,0.17881789264977072,0.0013373249690607567,0.0011887229843218217,0.6692160902180039,5,"42,43,44,45,46"
l1_1p5,L1 = 1.5,time_l1,1.5,1.5,0.5,0.2,rmse,RMSE,lower,0.38666785341841353,0.002506238557176235,-0.0025771438947290726,-0.6620878656163673,5,"42,43,44,45,46"
l1_1p5,L1 = 1.5,time_l1,1.5,1.5,0.5,0.2,pearson,Pearson,higher,0.8491739313584169,0.0007794030791724891,-0.0003881579459440454,-0.04568917926432866,5,"42,43,44,45,46"
l1_1p5,L1 = 1.5,time_l1,1.5,1.5,0.5,0.2,psd_distance,PSD Dist.,lower,0.053537855806282474,0.0009164992356863498,-0.00046726863544818004,-0.8652301800588276,5,"42,43,44,45,46"
l1_1p5,L1 = 1.5,time_l1,1.5,1.5,0.5,0.2,hf_ratio_improvement,HF Improve.,higher,8.308495947365547,0.02482814748735319,0.010291715945164981,0.1240234110676181,5,"42,43,44,45,46"
l1_1p5,L1 = 1.5,time_l1,1.5,1.5,0.5,0.2,acc_norm_rmse,Acc Norm RMSE,lower,0.5166905906324979,0.001786672253643743,-0.004320746013646848,-0.8292998078430237,5,"42,43,44,45,46"
l1_1p5,L1 = 1.5,time_l1,1.5,1.5,0.5,0.2,gyr_norm_rmse,Gyr Norm RMSE,lower,0.17733607011840505,0.0023788057500156124,-0.0002930995470438458,-0.1650064274892894,5,"42,43,44,45,46"
l1_2p0,L1 = 2,time_l1,2,2.0,0.5,0.2,rmse,RMSE,lower,0.38827230147379616,0.005687221482037382,-0.0009726958393464491,-0.24989295843510298,5,"42,43,44,45,46"
l1_2p0,L1 = 2,time_l1,2,2.0,0.5,0.2,pearson,Pearson,higher,0.8489129433915001,0.0007124878916584022,-0.0006491459128608046,-0.07640947271933222,5,"42,43,44,45,46"
l1_2p0,L1 = 2,time_l1,2,2.0,0.5,0.2,psd_distance,PSD Dist.,lower,0.053229260622291254,0.0013437688358307349,-0.0007758638194393999,-1.4366485170801258,5,"42,43,44,45,46"
l1_2p0,L1 = 2,time_l1,2,2.0,0.5,0.2,hf_ratio_improvement,HF Improve.,higher,8.259857980969059,0.0964938132756842,-0.03834625045132256,-0.46210299700901597,5,"42,43,44,45,46"
l1_2p0,L1 = 2,time_l1,2,2.0,0.5,0.2,acc_norm_rmse,Acc Norm RMSE,lower,0.5180486181527153,0.0048197171178928615,-0.0029627184934294393,-0.5686476061156475,5,"42,43,44,45,46"
l1_2p0,L1 = 2,time_l1,2,2.0,0.5,0.2,gyr_norm_rmse,Gyr Norm RMSE,lower,0.1764578111019322,0.0016284541039029697,-0.001171358563516689,-0.6594404318405892,5,"42,43,44,45,46"
mse_0p125,MSE = 0.125,mse,0.125,1.0,0.125,0.2,rmse,RMSE,lower,0.3899492780967675,0.001976200684488979,0.0007042807836248888,0.1809350893361139,5,"42,43,44,45,46"
mse_0p125,MSE = 0.125,mse,0.125,1.0,0.125,0.2,pearson,Pearson,higher,0.8500388994214196,0.0007113944798147406,0.00047681011705869025,0.05612422247432348,5,"42,43,44,45,46"
mse_0p125,MSE = 0.125,mse,0.125,1.0,0.125,0.2,psd_distance,PSD Dist.,lower,0.053987116501009916,0.0011328739678283662,-1.800794072073786e-05,-0.03334487404092124,5,"42,43,44,45,46"
mse_0p125,MSE = 0.125,mse,0.125,1.0,0.125,0.2,hf_ratio_improvement,HF Improve.,higher,8.301930179268597,0.016358091075563463,0.0037259478482152275,0.04490065253042665,5,"42,43,44,45,46"
mse_0p125,MSE = 0.125,mse,0.125,1.0,0.125,0.2,acc_norm_rmse,Acc Norm RMSE,lower,0.5223337910304313,0.0030343143796455235,0.0013224543842865755,0.2538244931097818,5,"42,43,44,45,46"
mse_0p125,MSE = 0.125,mse,0.125,1.0,0.125,0.2,gyr_norm_rmse,Gyr Norm RMSE,lower,0.18181969893131916,0.0019509050007759144,0.004190529265870269,2.359144769838655,5,"42,43,44,45,46"
mse_0p25,MSE = 0.25,mse,0.25,1.0,0.25,0.2,rmse,RMSE,lower,0.3894094651642703,0.002824297303430095,0.00016446785112766982,0.0422530417251214,5,"42,43,44,45,46"
mse_0p25,MSE = 0.25,mse,0.25,1.0,0.25,0.2,pearson,Pearson,higher,0.8500502587270203,0.0011858295970548628,0.00048816942265939023,0.057461300216340105,5,"42,43,44,45,46"
mse_0p25,MSE = 0.25,mse,0.25,1.0,0.25,0.2,psd_distance,PSD Dist.,lower,0.05343232747186214,0.001168722147094824,-0.0005727969698685123,-1.0606344782827732,5,"42,43,44,45,46"
mse_0p25,MSE = 0.25,mse,0.25,1.0,0.25,0.2,hf_ratio_improvement,HF Improve.,higher,8.308293678233987,0.021932163210405805,0.010089446813605463,0.12158590620610069,5,"42,43,44,45,46"
mse_0p25,MSE = 0.25,mse,0.25,1.0,0.25,0.2,acc_norm_rmse,Acc Norm RMSE,lower,0.5212819986072977,0.0017283480245732087,0.0002706619611529959,0.05194934200382311,5,"42,43,44,45,46"
mse_0p25,MSE = 0.25,mse,0.25,1.0,0.25,0.2,gyr_norm_rmse,Gyr Norm RMSE,lower,0.17972206420090203,0.0027818524822001535,0.002092894535453138,1.1782380897208193,5,"42,43,44,45,46"
mse_0p75,MSE = 0.75,mse,0.75,1.0,0.75,0.2,rmse,RMSE,lower,0.3875310012690612,0.0017110617806428612,-0.0017139960440814006,-0.4403386185853823,5,"42,43,44,45,46"
mse_0p75,MSE = 0.75,mse,0.75,1.0,0.75,0.2,pearson,Pearson,higher,0.8495640180086843,0.0005014278392321642,1.928704323361785e-06,0.0002270233509290708,5,"42,43,44,45,46"
mse_0p75,MSE = 0.75,mse,0.75,1.0,0.75,0.2,psd_distance,PSD Dist.,lower,0.05390511604006284,0.0009458543650544872,-0.00010000840166781572,-0.18518317048916486,5,"42,43,44,45,46"
mse_0p75,MSE = 0.75,mse,0.75,1.0,0.75,0.2,hf_ratio_improvement,HF Improve.,higher,8.309470221042375,0.02851138332637033,0.0112659896219931,0.13576418834493703,5,"42,43,44,45,46"
mse_0p75,MSE = 0.75,mse,0.75,1.0,0.75,0.2,acc_norm_rmse,Acc Norm RMSE,lower,0.518891298828879,0.0017321263761363778,-0.002120037817265774,-0.4069081933826788,5,"42,43,44,45,46"
mse_0p75,MSE = 0.75,mse,0.75,1.0,0.75,0.2,gyr_norm_rmse,Gyr Norm RMSE,lower,0.17605761387152943,0.0022187568419397077,-0.0015715557939194602,-0.8847397062539709,5,"42,43,44,45,46"
mse_1p0,MSE = 1,mse,1,1.0,1.0,0.2,rmse,RMSE,lower,0.3864784030822581,0.0016044408889067687,-0.0027665942308844893,-0.7107590977357635,5,"42,43,44,45,46"
mse_1p0,MSE = 1,mse,1,1.0,1.0,0.2,pearson,Pearson,higher,0.8495262120895731,0.000587557305961422,-3.5877214787816136e-05,-0.004223024454539061,5,"42,43,44,45,46"
mse_1p0,MSE = 1,mse,1,1.0,1.0,0.2,psd_distance,PSD Dist.,lower,0.05290564500008934,0.0009713664834180359,-0.0010994794416413142,-2.035879841046581,5,"42,43,44,45,46"
mse_1p0,MSE = 1,mse,1,1.0,1.0,0.2,hf_ratio_improvement,HF Improve.,higher,8.311668866759002,0.023859990972212225,0.013464635338619857,0.16225962826556212,5,"42,43,44,45,46"
mse_1p0,MSE = 1,mse,1,1.0,1.0,0.2,acc_norm_rmse,Acc Norm RMSE,lower,0.5166027622698933,0.0019499036899465953,-0.004408574376251417,-0.8461570922103734,5,"42,43,44,45,46"
mse_1p0,MSE = 1,mse,1,1.0,1.0,0.2,gyr_norm_rmse,Gyr Norm RMSE,lower,0.17530263741283833,0.002207815940727278,-0.0023265322526105636,-1.3097692552368574,5,"42,43,44,45,46"
spec_0p05,Spectral = 0.05,spectral,0.05,1.0,0.5,0.05,rmse,RMSE,lower,0.38786799141404776,0.0029560680253982357,-0.0013770058990948408,-0.3537632875438235,5,"42,43,44,45,46"
spec_0p05,Spectral = 0.05,spectral,0.05,1.0,0.5,0.05,pearson,Pearson,higher,0.8481476208372563,0.0007244895776225175,-0.0014144684671046903,-0.16649383075260415,5,"42,43,44,45,46"
spec_0p05,Spectral = 0.05,spectral,0.05,1.0,0.5,0.05,psd_distance,PSD Dist.,lower,0.055298865614481274,0.0012385774564353297,0.0012937411727506204,2.395589652138502,5,"42,43,44,45,46"
spec_0p05,Spectral = 0.05,spectral,0.05,1.0,0.5,0.05,hf_ratio_improvement,HF Improve.,higher,8.246907050009918,0.0429584761842988,-0.051297181410463466,-0.6181720765106196,5,"42,43,44,45,46"
spec_0p05,Spectral = 0.05,spectral,0.05,1.0,0.5,0.05,acc_norm_rmse,Acc Norm RMSE,lower,0.5173589414198995,0.002502310811246304,-0.0036523952262452752,-0.7010202982830435,5,"42,43,44,45,46"
spec_0p05,Spectral = 0.05,spectral,0.05,1.0,0.5,0.05,gyr_norm_rmse,Gyr Norm RMSE,lower,0.177102287990599,0.002136421375477817,-0.000526881674849905,-0.29661889195465296,5,"42,43,44,45,46"
spec_0p1,Spectral = 0.1,spectral,0.1,1.0,0.5,0.1,rmse,RMSE,lower,0.38800290890835576,0.0029747772498817963,-0.0012420884047868452,-0.31910195721477724,5,"42,43,44,45,46"
spec_0p1,Spectral = 0.1,spectral,0.1,1.0,0.5,0.1,pearson,Pearson,higher,0.8492292203243432,0.0007180699673429207,-0.0003328689800177198,-0.03918124221977464,5,"42,43,44,45,46"
spec_0p1,Spectral = 0.1,spectral,0.1,1.0,0.5,0.1,psd_distance,PSD Dist.,lower,0.054641859191003464,0.0009433977309493573,0.0006367347492728104,1.1790265384164078,5,"42,43,44,45,46"
spec_0p1,Spectral = 0.1,spectral,0.1,1.0,0.5,0.1,hf_ratio_improvement,HF Improve.,higher,8.273798889838723,0.025233706125608622,-0.024405341581658746,-0.2941038916498365,5,"42,43,44,45,46"
spec_0p1,Spectral = 0.1,spectral,0.1,1.0,0.5,0.1,acc_norm_rmse,Acc Norm RMSE,lower,0.5171338320674057,0.002049173526501516,-0.0038775045787390328,-0.7442265275261213,5,"42,43,44,45,46"
spec_0p1,Spectral = 0.1,spectral,0.1,1.0,0.5,0.1,gyr_norm_rmse,Gyr Norm RMSE,lower,0.17752262024455892,0.002004560089469207,-0.0001065494208899731,-0.05998419127368037,5,"42,43,44,45,46"
spec_0p3,Spectral = 0.3,spectral,0.3,1.0,0.5,0.3,rmse,RMSE,lower,0.38815569697127855,0.0012698163392906745,-0.0010893003418640523,-0.2798495419037394,5,"42,43,44,45,46"
spec_0p3,Spectral = 0.3,spectral,0.3,1.0,0.5,0.3,pearson,Pearson,higher,0.8501006902432048,0.0005884402363625315,0.0005386009388438362,0.06339747802127726,5,"42,43,44,45,46"
spec_0p3,Spectral = 0.3,spectral,0.3,1.0,0.5,0.3,psd_distance,PSD Dist.,lower,0.05265292962766889,0.0009452766950597478,-0.0013521948140617635,-2.5038268646537922,5,"42,43,44,45,46"
spec_0p3,Spectral = 0.3,spectral,0.3,1.0,0.5,0.3,hf_ratio_improvement,HF Improve.,higher,8.339931400284204,0.02983924670045246,0.04172716886382233,0.5028457687968955,5,"42,43,44,45,46"
spec_0p3,Spectral = 0.3,spectral,0.3,1.0,0.5,0.3,acc_norm_rmse,Acc Norm RMSE,lower,0.5228292900983054,0.002528088569898898,0.0018179534521606255,0.3489278110267541,5,"42,43,44,45,46"
spec_0p3,Spectral = 0.3,spectral,0.3,1.0,0.5,0.3,gyr_norm_rmse,Gyr Norm RMSE,lower,0.17803559030511787,0.002574143120229295,0.0004064206396689751,0.22880287085417203,5,"42,43,44,45,46"
spec_0p4,Spectral = 0.4,spectral,0.4,1.0,0.5,0.4,rmse,RMSE,lower,0.3897893492866027,0.0010698002384755172,0.0005443519734600888,0.13984816175355097,5,"42,43,44,45,46"
spec_0p4,Spectral = 0.4,spectral,0.4,1.0,0.5,0.4,pearson,Pearson,higher,0.8496773229522498,0.0004159624546955317,0.00011523364788890156,0.013563887718113371,5,"42,43,44,45,46"
spec_0p4,Spectral = 0.4,spectral,0.4,1.0,0.5,0.4,psd_distance,PSD Dist.,lower,0.051921950543164654,0.0009049464751320257,-0.002083173898566,-3.8573633893088433,5,"42,43,44,45,46"
spec_0p4,Spectral = 0.4,spectral,0.4,1.0,0.5,0.4,hf_ratio_improvement,HF Improve.,higher,8.33807386595133,0.024898231067286027,0.03986963453094816,0.48046099395801184,5,"42,43,44,45,46"
spec_0p4,Spectral = 0.4,spectral,0.4,1.0,0.5,0.4,acc_norm_rmse,Acc Norm RMSE,lower,0.5252027495022527,0.0023269705241276114,0.004191412856107912,0.8044763254267908,5,"42,43,44,45,46"
spec_0p4,Spectral = 0.4,spectral,0.4,1.0,0.5,0.4,gyr_norm_rmse,Gyr Norm RMSE,lower,0.1784648377319566,0.0007068636435858533,0.0008356680665076999,0.47045655174857676,5,"42,43,44,45,46"
