variant_name,description,outputs_root,attach_latent_dim,time_l1,mse,spectral,acc_channel_rmse_improvement,acc_channel_rmse_mean,acc_norm_rmse,gyr_channel_rmse_improvement,gyr_channel_rmse_mean,gyr_norm_rmse,hf_ratio_improvement_mean,input_acc_channel_rmse_mean,input_acc_norm_rmse,input_gyr_channel_rmse_mean,input_gyr_norm_rmse,input_rmse_mean,num_windows,pearson_mean,psd_distance_mean,rmse_mean,seed,seed_label
full_model,Attachment latent code + L1/MSE/spectral composite loss.,outputs/supervised_tcn_causal_ablations/full_model/seed_runs/seed_0042,8,1.0,1.0,0.2,0.8512176783570444,0.6388291972758194,0.5215739771785455,0.25407760116060985,0.1397020198737588,0.17500563698272364,8.334780755420246,1.490046875632864,1.2493681899278055,0.3937796210343687,0.6131447047228668,0.9419132483336161,8633,0.8493349668486693,0.05557870127025281,0.3892656085747891,42,seed_0042
full_model,Attachment latent code + L1/MSE/spectral composite loss.,outputs/supervised_tcn_causal_ablations/full_model/seed_runs/seed_0043,8,1.0,1.0,0.2,0.8503109118824419,0.6397359637504219,0.5182134959996472,0.25315839251362704,0.14062122852074155,0.17467195111602019,8.3052785206182,1.490046875632864,1.2493681899278055,0.3937796210343687,0.6131447047228668,0.9419132483336161,8633,0.8488385794589722,0.05220719677523711,0.3901785961355817,43,seed_0043
full_model,Attachment latent code + L1/MSE/spectral composite loss.,outputs/supervised_tcn_causal_ablations/full_model/seed_runs/seed_0044,8,1.0,1.0,0.2,0.8491460620680417,0.6409008135648222,0.5200270287563955,0.2509749895563052,0.1428046314780634,0.17951231720959485,8.293756452056058,1.490046875632864,1.2493681899278055,0.3937796210343687,0.6131447047228668,0.9419132483336161,8633,0.8488879351998879,0.05617850321508437,0.39185272252144276,44,seed_0044
full_model,Attachment latent code + L1/MSE/spectral composite loss.,outputs/supervised_tcn_causal_ablations/full_model/seed_runs/seed_0045,8,1.0,1.0,0.2,0.8563684617323145,0.6336784139005492,0.5153564103944517,0.25446463692125665,0.139314984113112,0.17370448626845017,8.304760381413228,1.490046875632864,1.2493681899278055,0.3937796210343687,0.6131447047228668,0.9419132483336161,8633,0.85033858698492,0.05239072385221901,0.38649669900683065,45,seed_0045
full_model,Attachment latent code + L1/MSE/spectral composite loss.,outputs/supervised_tcn_causal_ablations/full_model/seed_runs/seed_0046,8,1.0,1.0,0.2,0.8466299991339676,0.6434168764988961,0.5198998371736605,0.2521313823360321,0.14164823869833654,0.17815787003988992,8.160610001447589,1.490046875632864,1.2493681899278055,0.3937796210343687,0.6131447047228668,0.9419132483336161,8633,0.8486602222029548,0.05322277946037876,0.3925325575986163,46,seed_0046
mse_only,Use only MSE reconstruction loss as a reconstruction-only reference.,outputs/supervised_tcn_causal_ablations/mse_only/seed_runs/seed_0042,8,0.0,1.0,0.0,0.8287030235654612,0.6613438520674026,0.5284254417830118,0.24361129103554266,0.150168329998826,0.1844437053051626,8.107595331865799,1.490046875632864,1.2493681899278055,0.3937796210343687,0.6131447047228668,0.9419132483336161,8633,0.8384802752888834,0.06426965526373679,0.40575609103311433,42,seed_0042
mse_only,Use only MSE reconstruction loss as a reconstruction-only reference.,outputs/supervised_tcn_causal_ablations/mse_only/seed_runs/seed_0043,8,0.0,1.0,0.0,0.8187781285911051,0.6712687470417587,0.5403571684259978,0.2398152252681326,0.15396439576623608,0.1882592225786308,8.075722432720598,1.490046875632864,1.2493681899278055,0.3937796210343687,0.6131447047228668,0.9419132483336161,8633,0.8387779595193259,0.06770006119966306,0.4126165714039973,43,seed_0043
mse_only,Use only MSE reconstruction loss as a reconstruction-only reference.,outputs/supervised_tcn_causal_ablations/mse_only/seed_runs/seed_0044,8,0.0,1.0,0.0,0.824381988264259,0.6656648873686047,0.5359493015900593,0.24493544231453782,0.14884417871983086,0.1820442014994469,8.137235624625283,1.490046875632864,1.2493681899278055,0.3937796210343687,0.6131447047228668,0.9419132483336161,8633,0.8376181533499351,0.06474321462757862,0.4072545330442179,44,seed_0044
mse_only,Use only MSE reconstruction loss as a reconstruction-only reference.,outputs/supervised_tcn_causal_ablations/mse_only/seed_runs/seed_0045,8,0.0,1.0,0.0,0.8248493278744611,0.6651975477584027,0.5432018575553171,0.243680951447532,0.15009866958683668,0.1855524061162212,8.031160734499037,1.490046875632864,1.2493681899278055,0.3937796210343687,0.6131447047228668,0.9419132483336161,8633,0.838881291412518,0.06665917847584434,0.4076481086726197,45,seed_0045
mse_only,Use only MSE reconstruction loss as a reconstruction-only reference.,outputs/supervised_tcn_causal_ablations/mse_only/seed_runs/seed_0046,8,0.0,1.0,0.0,0.8159007503244341,0.6741461253084297,0.546946493404319,0.23957949340808668,0.15420012762628196,0.1885653896945336,8.0245324752289,1.490046875632864,1.2493681899278055,0.3937796210343687,0.6131447047228668,0.9419132483336161,8633,0.8366407856086703,0.06471389698108711,0.4141731264673559,46,seed_0046
no_attachment_latent,Disable attachment latent code while retaining the final composite loss.,outputs/supervised_tcn_causal_ablations/no_attachment_latent/seed_runs/seed_0042,0,1.0,1.0,0.2,0.847756716097768,0.6422901595350958,0.5270626953053564,0.2519731978505951,0.14180642318377365,0.17784901261095282,8.242044196189893,1.490046875632864,1.2493681899278055,0.3937796210343687,0.6131447047228668,0.9419132483336161,8633,0.8488069745715919,0.05540229913430676,0.3920482913594347,42,seed_0042
no_attachment_latent,Disable attachment latent code while retaining the final composite loss.,outputs/supervised_tcn_causal_ablations/no_attachment_latent/seed_runs/seed_0043,0,1.0,1.0,0.2,0.8471738798897656,0.6428729957430983,0.5246593546768294,0.2512550982590142,0.14252452277535443,0.17877484271350286,8.262998181201453,1.490046875632864,1.2493681899278055,0.3937796210343687,0.6131447047228668,0.9419132483336161,8633,0.8487166010119072,0.05642414354141604,0.39269875925922637,43,seed_0043
no_attachment_latent,Disable attachment latent code while retaining the final composite loss.,outputs/supervised_tcn_causal_ablations/no_attachment_latent/seed_runs/seed_0044,0,1.0,1.0,0.2,0.8424805592421329,0.6475663163907309,0.5323367444138128,0.2511796780394554,0.14259994299491327,0.1784186749120083,8.2121380064899,1.490046875632864,1.2493681899278055,0.3937796210343687,0.6131447047228668,0.9419132483336161,8633,0.8483938524428087,0.05664828829895452,0.3950831296928221,44,seed_0044
no_attachment_latent,Disable attachment latent code while retaining the final composite loss.,outputs/supervised_tcn_causal_ablations/no_attachment_latent/seed_runs/seed_0045,0,1.0,1.0,0.2,0.8451926488183488,0.6448542268145151,0.5256169794978944,0.25082306456150605,0.1429565564728626,0.1795958768526004,8.270952344076049,1.490046875632864,1.2493681899278055,0.3937796210343687,0.6131447047228668,0.9419132483336161,8633,0.8483021681345364,0.056008289285361806,0.3939053916436889,45,seed_0045
no_attachment_latent,Disable attachment latent code while retaining the final composite loss.,outputs/supervised_tcn_causal_ablations/no_attachment_latent/seed_runs/seed_0046,0,1.0,1.0,0.2,0.8484265680470431,0.6416203075858208,0.5240561151683941,0.2507233644258254,0.1430562566085433,0.17953619923011677,8.280348392287163,1.490046875632864,1.2493681899278055,0.3937796210343687,0.6131447047228668,0.9419132483336161,8633,0.847317975570279,0.05624837524238433,0.392338282097182,46,seed_0046
no_l1_loss,Remove L1 reconstruction loss only.,outputs/supervised_tcn_causal_ablations/no_l1_loss/seed_runs/seed_0042,8,0.0,1.0,0.2,0.8373133774961576,0.6527334981367061,0.5302386593677084,0.24969584622748486,0.14408377480688378,0.1806215179854623,8.34160446698588,1.490046875632864,1.2493681899278055,0.3937796210343687,0.6131447047228668,0.9419132483336161,8633,0.8493657520713485,0.05624808489546607,0.398408636471795,42,seed_0042
no_l1_loss,Remove L1 reconstruction loss only.,outputs/supervised_tcn_causal_ablations/no_l1_loss/seed_runs/seed_0043,8,0.0,1.0,0.2,0.8422241451738272,0.6478227304590367,0.5295384344230049,0.25036862893433875,0.14341099210002992,0.17976099524043035,8.277921655991955,1.490046875632864,1.2493681899278055,0.3937796210343687,0.6131447047228668,0.9419132483336161,8633,0.8498195652878451,0.053532339684856864,0.39561686127953327,43,seed_0043
no_l1_loss,Remove L1 reconstruction loss only.,outputs/supervised_tcn_causal_ablations/no_l1_loss/seed_runs/seed_0044,8,0.0,1.0,0.2,0.8343183876382863,0.6557284879945775,0.5322238082644627,0.24832038625283157,0.1454592347815371,0.18150165469584884,8.256035698643448,1.490046875632864,1.2493681899278055,0.3937796210343687,0.6131447047228668,0.9419132483336161,8633,0.8478053271522352,0.05545557120985998,0.4005938613880573,44,seed_0044
no_l1_loss,Remove L1 reconstruction loss only.,outputs/supervised_tcn_causal_ablations/no_l1_loss/seed_runs/seed_0045,8,0.0,1.0,0.2,0.8472817501569524,0.6427651254759114,0.5313296620546866,0.2514092211173066,0.142370399917062,0.1779399595747553,8.24186818057727,1.490046875632864,1.2493681899278055,0.3937796210343687,0.6131447047228668,0.9419132483336161,8633,0.8501107756736748,0.05386097114173178,0.39256776269648663,45,seed_0045
no_l1_loss,Remove L1 reconstruction loss only.,outputs/supervised_tcn_causal_ablations/no_l1_loss/seed_runs/seed_0046,8,0.0,1.0,0.2,0.8530536132796941,0.6369932623531696,0.5289501450621658,0.25227904907031934,0.14150057196404928,0.176806092859259,8.324099490196929,1.490046875632864,1.2493681899278055,0.3937796210343687,0.6131447047228668,0.9419132483336161,8633,0.8501357404436697,0.05311551536980004,0.38924691715860943,46,seed_0046
no_mse_loss,Remove MSE reconstruction loss only.,outputs/supervised_tcn_causal_ablations/no_mse_loss/seed_runs/seed_0042,8,1.0,0.0,0.2,0.8584187586929432,0.6316281169399207,0.5164618760800028,0.25375665760064,0.1400229634337286,0.1800352833276521,8.333306581916432,1.490046875632864,1.2493681899278055,0.3937796210343687,0.6131447047228668,0.9419132483336161,8633,0.851028759707502,0.0513207074525922,0.3858255401868247,42,seed_0042
no_mse_loss,Remove MSE reconstruction loss only.,outputs/supervised_tcn_causal_ablations/no_mse_loss/seed_runs/seed_0043,8,1.0,0.0,0.2,0.8496177094509217,0.640429166181942,0.5262816709374689,0.2504495467939691,0.14333007424039954,0.18355665180225758,8.305906820024132,1.490046875632864,1.2493681899278055,0.3937796210343687,0.6131447047228668,0.9419132483336161,8633,0.849770892593113,0.055080921078590514,0.39187962021117084,43,seed_0043
no_mse_loss,Remove MSE reconstruction loss only.,outputs/supervised_tcn_causal_ablations/no_mse_loss/seed_runs/seed_0044,8,1.0,0.0,0.2,0.8531104330649647,0.6369364425678992,0.522113378144383,0.2516952060096756,0.14208441502469302,0.18252957175709855,8.27004990372481,1.490046875632864,1.2493681899278055,0.3937796210343687,0.6131447047228668,0.9419132483336161,8633,0.8489973030145084,0.05281039819481538,0.3895104287962961,44,seed_0044
no_mse_loss,Remove MSE reconstruction loss only.,outputs/supervised_tcn_causal_ablations/no_mse_loss/seed_runs/seed_0045,8,1.0,0.0,0.2,0.8536913010572134,0.6363555745756504,0.5218081830284534,0.25274524252855335,0.14103437850581527,0.1793436165607899,8.259939065541465,1.490046875632864,1.2493681899278055,0.3937796210343687,0.6131447047228668,0.9419132483336161,8633,0.850844164992839,0.054344875533653206,0.3886949765407328,45,seed_0045
no_mse_loss,Remove MSE reconstruction loss only.,outputs/supervised_tcn_causal_ablations/no_mse_loss/seed_runs/seed_0046,8,1.0,0.0,0.2,0.8443955506469856,0.6456513249858782,0.5307286480214279,0.24985671411856625,0.14392290691580237,0.1835984954103218,8.229828130914417,1.490046875632864,1.2493681899278055,0.3937796210343687,0.6131447047228668,0.9419132483336161,8633,0.8501983108453611,0.05594248593906999,0.39478711595084026,46,seed_0046
no_spectral_loss,Remove spectral consistency loss only.,outputs/supervised_tcn_causal_ablations/no_spectral_loss/seed_runs/seed_0042,8,1.0,1.0,0.0,0.8555339744114686,0.634512901221395,0.5163604227374416,0.252294511416766,0.14148510961760263,0.1766235316851208,8.242240107369778,1.490046875632864,1.2493681899278055,0.3937796210343687,0.6131447047228668,0.9419132483336161,8633,0.8457082730455369,0.0568020684756786,0.3879990054194989,42,seed_0042
no_spectral_loss,Remove spectral consistency loss only.,outputs/supervised_tcn_causal_ablations/no_spectral_loss/seed_runs/seed_0043,8,1.0,1.0,0.0,0.8581250842918927,0.6319217913409709,0.5140190691477126,0.2539186952168303,0.1398609258175383,0.17223063861808507,8.285628498923948,1.490046875632864,1.2493681899278055,0.3937796210343687,0.6131447047228668,0.9419132483336161,8633,0.8454793573789449,0.05547905080185062,0.3858913585792546,43,seed_0043
no_spectral_loss,Remove spectral consistency loss only.,outputs/supervised_tcn_causal_ablations/no_spectral_loss/seed_runs/seed_0044,8,1.0,1.0,0.0,0.8474591188069474,0.6425877568259164,0.5208105404574205,0.25049191656641173,0.14328770446795688,0.17770856180874814,8.17537881735167,1.490046875632864,1.2493681899278055,0.3937796210343687,0.6131447047228668,0.9419132483336161,8633,0.8444929756219275,0.05748746099867404,0.39293773064693666,44,seed_0044
no_spectral_loss,Remove spectral consistency loss only.,outputs/supervised_tcn_causal_ablations/no_spectral_loss/seed_runs/seed_0045,8,1.0,1.0,0.0,0.8557327661300892,0.6343141095027746,0.5150956954109279,0.25307042553771214,0.1407091954966565,0.17483691942180518,8.262259089976673,1.490046875632864,1.2493681899278055,0.3937796210343687,0.6131447047228668,0.9419132483336161,8633,0.84504358776285,0.05588368202543685,0.3875116524997156,45,seed_0045
no_spectral_loss,Remove spectral consistency loss only.,outputs/supervised_tcn_causal_ablations/no_spectral_loss/seed_runs/seed_0046,8,1.0,1.0,0.0,0.8249375119539162,0.6651093636789477,0.5300382400915625,0.24785374182377404,0.1459258792105946,0.17871288640948255,8.027178081592744,1.490046875632864,1.2493681899278055,0.3937796210343687,0.6131447047228668,0.9419132483336161,8633,0.8435941539487749,0.05862877772648386,0.40551762144477116,46,seed_0046
