Setting,Family,Method,Causal/online,RMSE ↓,ΔRMSE vs TCN (%),Wilcoxon p vs TCN,Motion pairs,Pearson r ↑,PSD dist. ↓,HF imp. ↑,Params (K),CPU window (ms) ↓,Stream (ms/step) ↓,Embedded feasibility
By experiment,proposed causal neural model,TCN-causal,yes,0.3901 +/- 0.0021,0.0,reference,0,0.8492 +/- 0.0006,0.0539 +/- 0.0016,8.2798 +/- 0.0611,101.3,1.428 +/- 0.059,1.231 +/- 0.017,possible_on_embedded_linux
By experiment,causal neural comparator,Transformer-causal,yes,0.4278 +/- 0.0066,9.7,<1e-4,21,0.8430 +/- 0.0023,0.0661 +/- 0.0014,8.0207 +/- 0.1052,399.1,1.667 +/- 0.084,1.774 +/- 0.050,possible_on_embedded_linux
By experiment,causal neural comparator,GRU-causal,yes,0.4003 +/- 0.0032,2.6,0.0049,21,0.8404 +/- 0.0010,0.0559 +/- 0.0010,8.2715 +/- 0.0279,152.1,3.179 +/- 0.050,0.128 +/- 0.003,possible_on_embedded_linux
By experiment,causal neural comparator,LSTM-causal,yes,0.4094 +/- 0.0020,4.9,<1e-4,21,0.8373 +/- 0.0007,0.0557 +/- 0.0004,8.2432 +/- 0.0354,202.5,1.442 +/- 0.022,0.283 +/- 0.033,possible_on_embedded_linux
By experiment,causal neural comparator,MLP-causal,yes,0.6886 +/- 0.0020,76.5,<1e-4,21,0.7272 +/- 0.0007,0.1843 +/- 0.0007,6.2755 +/- 0.0876,18.2,0.127 +/- 0.001,0.042 +/- 0.000,yes_embedded_friendly
By experiment,classical/statistical baseline,Identity/raw,window/filter,0.8173 +/- 0.0000,109.5,<1e-4,21,0.7254 +/- 0.0000,0.2248 +/- 0.0000,1.9592 +/- 0.0000,0.0,0.001 +/- 0.000,NA,yes_classical_filter
By experiment,classical/statistical baseline,Moving-average low-pass,window/filter,0.5575 +/- 0.0000,42.9,<1e-4,21,0.8398 +/- 0.0000,0.1323 +/- 0.0000,7.9824 +/- 0.0000,0.0,0.030 +/- 0.000,NA,yes_classical_filter
By experiment,classical/statistical baseline,Butterworth low-pass,window/filter,0.5716 +/- 0.0000,46.5,<1e-4,21,0.7975 +/- 0.0000,0.1206 +/- 0.0000,8.0568 +/- 0.0000,0.0,2.095 +/- 0.021,NA,yes_classical_filter
By experiment,classical/statistical baseline,Savitzky-Golay,window/filter,0.5852 +/- 0.0000,50.0,<1e-4,21,0.7818 +/- 0.0000,0.1203 +/- 0.0000,8.1773 +/- 0.0000,0.0,2.132 +/- 0.031,NA,yes_classical_filter
By experiment,classical/statistical baseline,Wiener filter,window/filter,0.6524 +/- 0.0000,67.2,<1e-4,21,0.7367 +/- 0.0000,0.1380 +/- 0.0000,7.6115 +/- 0.0000,0.0,0.436 +/- 0.006,NA,yes_classical_filter
By motion type,proposed causal neural model,TCN-causal,yes,0.5798 +/- 0.0096,0.0,reference,0,0.9053 +/- 0.0027,0.0995 +/- 0.0040,5.0671 +/- 0.0367,101.3,1.417 +/- 0.048,1.280 +/- 0.036,possible_on_embedded_linux
By motion type,causal neural comparator,Transformer-causal,yes,0.5995 +/- 0.0045,3.4,0.0625,5,0.9034 +/- 0.0013,0.1119 +/- 0.0015,5.0180 +/- 0.0225,399.1,1.663 +/- 0.068,1.827 +/- 0.008,possible_on_embedded_linux
By motion type,causal neural comparator,GRU-causal,yes,0.6107 +/- 0.0102,5.3,0.0625,5,0.9012 +/- 0.0013,0.1096 +/- 0.0064,5.0545 +/- 0.0353,152.1,3.296 +/- 0.054,0.123 +/- 0.001,possible_on_embedded_linux
By motion type,causal neural comparator,LSTM-causal,yes,0.6297 +/- 0.0126,8.6,0.0625,5,0.8978 +/- 0.0025,0.1128 +/- 0.0063,5.0252 +/- 0.0357,202.5,1.487 +/- 0.047,0.268 +/- 0.017,possible_on_embedded_linux
By motion type,causal neural comparator,MLP-causal,yes,1.0257 +/- 0.0189,76.9,0.0625,5,0.7805 +/- 0.0018,0.3117 +/- 0.0045,3.1377 +/- 0.2454,18.2,0.128 +/- 0.001,0.042 +/- 0.000,yes_embedded_friendly
By motion type,classical/statistical baseline,Identity/raw,window/filter,1.2119 +/- 0.0000,109.0,0.0625,5,0.7825 +/- 0.0000,0.4132 +/- 0.0000,1.3063 +/- 0.0000,0.0,0.001 +/- 0.000,NA,yes_classical_filter
By motion type,classical/statistical baseline,Moving-average low-pass,window/filter,0.7865 +/- 0.0000,35.6,0.0625,5,0.8765 +/- 0.0000,0.2222 +/- 0.0000,4.6914 +/- 0.0000,0.0,0.030 +/- 0.001,NA,yes_classical_filter
By motion type,classical/statistical baseline,Butterworth low-pass,window/filter,0.7883 +/- 0.0000,36.0,0.0625,5,0.8604 +/- 0.0000,0.1924 +/- 0.0000,4.6743 +/- 0.0000,0.0,2.039 +/- 0.013,NA,yes_classical_filter
By motion type,classical/statistical baseline,Savitzky-Golay,window/filter,0.8108 +/- 0.0000,39.8,0.0625,5,0.8550 +/- 0.0000,0.1930 +/- 0.0000,4.7639 +/- 0.0000,0.0,2.093 +/- 0.011,NA,yes_classical_filter
By motion type,classical/statistical baseline,Wiener filter,window/filter,0.9392 +/- 0.0000,62.0,0.0625,5,0.8139 +/- 0.0000,0.2306 +/- 0.0000,4.4350 +/- 0.0000,0.0,0.431 +/- 0.002,NA,yes_classical_filter
Anomaly test-only,proposed causal neural model,TCN-causal,yes,0.4057 +/- 0.0022,0.0,reference,0,0.8476 +/- 0.0006,0.0614 +/- 0.0016,8.3192 +/- 0.0629,101.3,1.429 +/- 0.042,1.271 +/- 0.061,possible_on_embedded_linux
Anomaly test-only,causal neural comparator,Transformer-causal,yes,0.4434 +/- 0.0068,9.3,<1e-4,21,0.8413 +/- 0.0023,0.0738 +/- 0.0014,8.0733 +/- 0.1064,399.1,1.597 +/- 0.040,1.785 +/- 0.041,possible_on_embedded_linux
Anomaly test-only,causal neural comparator,GRU-causal,yes,0.4160 +/- 0.0033,2.5,0.0038,21,0.8388 +/- 0.0010,0.0636 +/- 0.0010,8.3140 +/- 0.0293,152.1,3.130 +/- 0.041,0.124 +/- 0.001,possible_on_embedded_linux
Anomaly test-only,causal neural comparator,LSTM-causal,yes,0.4252 +/- 0.0021,4.8,<1e-4,21,0.8358 +/- 0.0007,0.0636 +/- 0.0004,8.2843 +/- 0.0343,202.5,1.442 +/- 0.039,0.269 +/- 0.017,possible_on_embedded_linux
Anomaly test-only,causal neural comparator,MLP-causal,yes,0.7055 +/- 0.0020,73.9,<1e-4,21,0.7256 +/- 0.0007,0.1917 +/- 0.0007,6.2863 +/- 0.0870,18.2,0.134 +/- 0.010,0.042 +/- 0.000,yes_embedded_friendly
Anomaly test-only,classical/statistical baseline,Identity/raw,window/filter,0.8355 +/- 0.0000,106.0,<1e-4,21,0.7237 +/- 0.0000,0.2335 +/- 0.0000,1.9772 +/- 0.0000,0.0,0.001 +/- 0.000,NA,yes_classical_filter
Anomaly test-only,classical/statistical baseline,Moving-average low-pass,window/filter,0.5743 +/- 0.0000,41.5,<1e-4,21,0.8378 +/- 0.0000,0.1403 +/- 0.0000,8.0350 +/- 0.0000,0.0,0.030 +/- 0.000,NA,yes_classical_filter
Anomaly test-only,classical/statistical baseline,Butterworth low-pass,window/filter,0.5873 +/- 0.0000,44.8,<1e-4,21,0.7958 +/- 0.0000,0.1284 +/- 0.0000,8.1488 +/- 0.0000,0.0,2.070 +/- 0.011,NA,yes_classical_filter
Anomaly test-only,classical/statistical baseline,Savitzky-Golay,window/filter,0.6013 +/- 0.0000,48.2,<1e-4,21,0.7802 +/- 0.0000,0.1282 +/- 0.0000,8.2564 +/- 0.0000,0.0,2.092 +/- 0.017,NA,yes_classical_filter
Anomaly test-only,classical/statistical baseline,Wiener filter,window/filter,0.6683 +/- 0.0000,64.7,<1e-4,21,0.7351 +/- 0.0000,0.1456 +/- 0.0000,7.6748 +/- 0.0000,0.0,0.430 +/- 0.002,NA,yes_classical_filter
