time_s,original_acc_x,original_acc_y,original_acc_z,original_gyr_x,original_gyr_y,original_gyr_z,rigid_acc_x,rigid_acc_y,rigid_acc_z,rigid_gyr_x,rigid_gyr_y,rigid_gyr_z,compensated_acc_x,compensated_acc_y,compensated_acc_z,compensated_gyr_x,compensated_gyr_y,compensated_gyr_z
42.924999,-1.67258096,5.95755100,8.25203896,-0.62513101,0.03685600,0.10618200,-1.00686085,3.90096998,8.79060364,0.00552056,-0.00995744,0.00265302,-1.08466136,3.98714066,9.06088066,-0.34402609,0.03129464,0.09655391
42.950001,-1.23350203,3.15751791,7.72394180,-0.24491200,-0.14395700,0.13844100,-1.09410501,3.70903277,8.84754372,0.00681487,-0.04959815,0.04581609,-0.85370445,3.52933311,8.80767441,0.03737781,-0.05488126,0.07662816
42.974998,-1.07276595,5.42078400,8.33619976,0.85792398,0.01671900,-0.12637199,-0.82943636,4.03374386,9.00734615,0.02004067,-0.03484665,0.04939471,-0.81873834,3.66417217,9.03546143,0.04486097,-0.01665919,0.01246963
43.000000,-1.27873194,7.63424587,8.41336536,-0.06021600,0.01759900,0.02179900,-0.95894814,4.26843357,8.79104233,-0.04225211,-0.02608457,0.00885688,-0.83291882,4.38793707,8.92566490,-0.09766187,-0.02026300,-0.00583152
43.025002,-1.31286895,4.82904387,7.89454079,-0.86686897,-0.13062400,0.15229499,-0.87443161,3.81274247,8.67587757,-0.06193737,-0.04544305,-0.00605900,-0.77061766,3.90271187,8.77054214,-0.00152830,-0.04559182,0.01204556
43.049999,-0.85753101,3.21082497,8.20003700,0.11460100,-0.00481000,0.00448600,-0.88963562,3.38607192,8.97308826,0.00292330,-0.02651795,0.03443492,-0.63078338,3.46472836,8.95820618,0.04942257,-0.01876528,0.03557126
43.075001,-1.29251599,5.50065804,8.37539387,0.67872900,0.06586600,-0.02728800,-0.85530388,3.93524909,8.93751526,0.04649955,0.00379420,0.07377961,-0.73235941,3.49882841,9.01291370,0.04374607,-0.01170849,0.03178801
43.099998,-1.28988302,7.29967117,7.86576319,0.05087900,-0.01612600,0.02075100,-0.99321395,4.58851767,8.62205124,-0.05281773,-0.01493102,0.02545804,-0.90213788,4.56440687,8.70130157,-0.09686590,-0.00928955,0.03176564
43.125000,-1.18779504,5.60885382,8.85380268,-0.77126497,-0.06091200,0.06785200,-0.83429968,3.59252310,9.09883308,-0.07639220,-0.01618589,-0.01273499,-0.66240501,3.95039511,9.22109604,-0.10785636,-0.02758174,-0.00355477
43.150002,-0.93531197,2.81083107,7.80482101,-0.18589599,0.02982800,0.13559100,-0.85910785,3.57203174,8.93719387,0.02446390,0.03005100,0.03987959,-0.66372168,3.62519884,8.83723259,0.08561755,0.00127484,0.06884774
43.174999,-1.23490703,5.61186886,8.17709446,1.01141000,0.04971900,-0.18852800,-0.73454487,4.12830591,8.86756611,-0.00850495,0.01632664,0.04408349,-0.68232840,3.81904173,8.85435295,0.01406977,0.00856213,0.00201239
43.200001,-0.89561802,7.75048780,8.84238911,-0.26744699,0.04164200,0.06307100,-0.84218991,4.01956367,8.98388290,-0.00581452,0.03652228,0.01414384,-0.66155499,4.30447578,9.06345940,-0.11906591,0.02693283,0.00940161
43.224998,-1.37893796,3.99901199,8.14566708,-0.86308199,0.03040700,0.17204601,-0.85421771,3.65076160,8.97245693,-0.02257251,0.03093664,0.01556716,-0.79370117,4.00122643,9.08953762,0.00527196,0.02053960,0.03349346
43.250000,-0.89558399,3.31727695,7.92072678,0.44568801,0.00548400,-0.05536100,-0.81433052,3.53783846,8.85171795,0.01182330,0.04369641,0.05493525,-0.68592918,3.51251364,8.78721809,0.03169668,0.01482632,0.02615516
43.275002,-1.14182103,6.77760792,8.10972786,0.74697000,0.13571000,-0.06011500,-0.82807487,4.37533522,8.76384830,0.01995069,0.04893336,0.03694551,-0.79788756,4.31565523,8.63100433,0.01611754,0.04230712,-0.00791042
43.299999,-1.29689395,7.35306978,8.37955093,-0.41738600,-0.00650200,-0.02517700,-0.83225375,4.30482435,8.80700874,-0.00781882,0.01518780,-0.03333731,-0.81560558,4.85454178,8.85872650,-0.12186471,0.03925725,-0.03684323
43.325001,-0.96213400,3.79276705,8.19694328,-0.80162197,-0.04005200,0.17641500,-0.86061823,3.52030230,9.02822113,-0.02701026,0.02308354,-0.01347513,-0.61750329,3.87614441,8.99654388,0.00939916,-0.00616970,0.01623826
43.349998,-1.22698104,3.41241693,7.93723583,0.50186402,0.07435700,-0.09838600,-0.80042106,3.58713722,8.86353493,-0.00073123,-0.00098266,0.04546634,-0.78492719,3.53658962,8.82298088,0.03841262,-0.00505611,0.00260023
43.375000,-1.02152598,6.70843077,8.21609497,0.61508203,-0.06046200,0.00584400,-0.77334529,4.09561634,8.79585361,0.04592506,-0.02757624,0.05455576,-0.65552610,4.16109610,8.69272232,-0.00026056,-0.01222145,0.02783096
43.400002,-1.00054002,6.56011820,8.50499058,-0.42502999,-0.02303100,0.07205800,-0.70880342,4.16512251,8.98357582,0.01135276,-0.03506559,0.00733700,-0.68356389,4.62271070,9.00660801,-0.01007111,-0.05940149,0.02216594
43.424999,-1.20833099,4.23389196,7.96548223,-0.33908999,0.00697600,0.06655100,-0.91779560,3.85876060,8.86516094,-0.00726181,-0.02578868,0.00155623,-0.75412261,4.12795210,8.92193699,0.03294601,-0.02366548,0.01507243
43.450001,-1.30096495,4.57620811,8.15834618,0.30329001,-0.05162500,-0.02363900,-0.89308476,3.56364727,8.79438210,0.01007454,-0.04466266,0.04100111,-0.85857099,3.64874792,8.74211121,0.01425966,-0.04400968,0.00584318
43.474998,-0.95917600,5.65834618,8.15555763,0.10335300,-0.05426900,0.07696500,-0.86353368,3.76159072,8.74337769,0.01162957,-0.05431718,0.05920736,-0.77795976,3.97412682,8.68243408,0.03406304,-0.05259946,0.04284641
43.500000,-1.17776501,5.38360786,8.19568729,-0.06919700,-0.01738900,0.05905300,-0.80241472,4.08204269,8.83619499,0.01156755,-0.03368664,0.04317944,-0.81765342,4.26958036,8.81988239,0.01491480,-0.04982061,0.04168071
43.525002,-1.03094196,5.30246687,8.19985294,0.05547700,-0.01346800,0.02815900,-0.81587738,3.95875859,8.84529972,0.03586512,-0.01073415,0.03809932,-0.74653774,4.07932377,8.88870621,0.00354742,-0.01188746,0.02931035
43.549999,-1.16892803,5.25061321,8.16712856,-0.03847700,0.01788400,0.06742500,-0.87835258,3.74371767,8.79846001,0.03290097,-0.02796351,0.05707394,-0.79183942,4.00109434,8.75411224,0.04058506,-0.00752686,0.03815497
43.575001,-1.24424005,4.83828402,8.00521088,0.04121200,-0.06750600,0.10172200,-0.80414146,3.94731164,8.77905464,0.03574513,-0.05336517,0.07278673,-0.79836565,3.96145105,8.78660774,0.08818190,-0.04922679,0.06538422
43.599998,-0.90820903,5.96834421,8.30597878,0.34666401,-0.04778900,-0.02133500,-0.75806987,4.29216814,8.95097828,-0.01148769,-0.03317809,0.04040320,-0.69723463,4.39803839,8.94713974,0.01108811,-0.04670452,0.02418349
43.625000,-0.85414702,6.08166885,8.54752636,-0.30591300,0.02818500,0.07272800,-0.56462854,3.86724210,8.92821217,0.07954965,0.00176709,0.06331065,-0.59326929,4.15964365,8.94233227,-0.02073932,-0.00997723,0.03014613
43.650002,-0.96206498,4.00521088,8.02956009,-0.12121100,-0.00250700,0.24016300,-0.69762391,3.58690667,8.87321568,0.07571455,0.00234540,0.09117696,-0.52978283,4.10522509,8.87404251,0.15270473,-0.00641948,0.13870960
43.674999,-0.98155999,4.82237387,8.02636909,0.44838500,0.06222400,-0.09632500,-0.69350833,3.89995146,8.81400394,0.05554262,-0.00869707,0.10123035,-0.64584196,3.60536623,8.63261032,0.11095778,0.00077957,0.03674990
43.700001,-0.95525402,6.82613087,8.37187481,0.31201199,-0.03413500,0.14295600,-0.65274423,4.39481163,8.90103054,-0.01385689,0.00158216,0.06002593,-0.59835058,4.57009840,8.92773628,-0.01184743,-0.01041903,0.08935157
43.724998,-1.01851797,6.49840593,8.48741913,-0.36858299,0.12982900,-0.08095400,-0.86709553,4.45512104,9.09457493,-0.01549991,0.04514064,0.01360592,-0.77401066,4.59744835,9.05034828,-0.05912756,0.05396091,-0.00415608
43.750000,-1.34536302,4.52069092,8.03010559,-0.29856101,-0.02270700,0.19726200,-0.73851997,3.81716514,8.84126472,0.01702196,0.04276874,0.02202715,-0.72660983,4.33716917,8.92968178,0.00985272,0.01627561,0.06559849
43.775002,-0.75793302,4.83062077,7.96347618,0.31150600,0.02871900,-0.14228199,-0.81941307,3.94057679,8.88590908,-0.00683727,0.02584900,0.01516029,-0.67164618,3.90056324,8.71460724,0.03355578,0.01724629,-0.00391619
43.799999,-1.31791401,6.37908888,8.38126278,0.24632201,0.11867000,0.01029600,-0.79564333,4.32403755,8.95981979,0.01528647,0.02714785,-0.00353700,-0.80619681,4.36574316,8.87593460,0.00519929,0.02511072,-0.02069303
43.825001,-1.06262398,6.31465721,8.21468830,-0.22375099,-0.10007200,-0.03650600,-0.77238733,4.33638191,8.89108086,-0.02209860,0.03558257,-0.03332771,-0.73165989,4.58373070,8.93404484,-0.05733038,0.01490993,-0.02246624
43.849998,-0.85389298,4.86799383,8.06345272,-0.34846500,0.12563799,0.04282400,-0.81358320,3.88640285,8.88096142,-0.06462296,0.02951321,-0.01700964,-0.71585566,4.15914154,8.80768967,-0.02645681,0.03483821,-0.01699019
43.875000,-1.44389296,4.67564297,8.10028076,0.08695000,-0.03156000,-0.03952100,-0.79412991,3.86363292,8.84137249,-0.06699467,0.01668380,0.00597770,-0.71020406,3.86172009,8.85892391,-0.04547388,0.00091652,-0.00396026
43.900002,-0.82802999,6.06966019,8.07795811,0.21079600,0.00552200,-0.05464700,-0.82669741,4.11979771,8.74673557,-0.07025037,0.01533533,-0.01785430,-0.81264871,4.33619785,8.79099083,-0.09077936,-0.00404265,-0.02584181
43.924999,-1.20800304,6.04338789,8.26807308,-0.24622799,0.04083300,-0.01975900,-0.75554961,4.23249149,8.87449646,-0.06010788,0.01684445,-0.03703866,-0.69296587,4.37529087,8.83789253,-0.06248688,0.01500860,-0.03968724
43.950001,-0.98106998,4.70293713,8.27313614,-0.35335401,-0.02003300,0.02597600,-0.78447533,3.65954614,8.84054470,-0.03580671,0.03673300,-0.01833323,-0.69120520,3.91909695,8.97366905,-0.06442538,0.01925339,-0.02041527
43.974998,-0.96389300,4.47409916,8.02835369,0.22848800,0.06558200,-0.03622700,-0.69704562,3.86956668,8.84080601,-0.00737814,0.05317174,-0.00923411,-0.64902693,3.84028387,8.82380772,0.03216397,0.02991374,-0.01555130
44.000000,-0.94865000,6.05690289,8.23828220,0.16160300,0.05544300,-0.09641100,-0.69430870,3.79601860,8.72892284,-0.02837637,0.04213634,0.00188950,-0.64462018,4.06004429,8.71047974,-0.06613997,0.05944153,-0.03765095
44.025002,-0.93342400,5.13981915,8.47704029,-0.41813201,0.02132400,0.14150500,-0.68210816,3.66991282,8.96907997,-0.01839801,0.05640686,0.01218151,-0.56715411,3.98612452,8.95536232,-0.03566987,0.02834728,0.02254784
44.049999,-0.94495702,4.25463676,7.87527800,0.13756800,0.12168200,-0.06815100,-0.77897578,3.97785807,8.82916546,0.02548553,0.08782773,0.02150988,-0.67292416,3.91386223,8.77010345,0.01626488,0.07471316,0.00482535
44.075001,-1.35517895,6.12987614,8.09998894,0.41020399,0.11279800,-0.04311400,-0.85924125,3.95578718,8.65440273,0.00046783,0.05127173,0.01512446,-0.83685887,4.26353884,8.69102287,-0.01570124,0.07311051,-0.00360768
44.099998,-1.17167604,5.93546677,8.15029144,-0.37707499,-0.04132300,0.03532600,-0.87424570,4.00559139,8.79585934,-0.02604751,0.02532661,-0.01994989,-0.78370965,4.19974613,8.73655319,-0.00086456,0.01775239,-0.00575806
44.125000,-0.95682698,4.85634089,8.03317165,-0.03124800,0.01014700,-0.04155000,-0.74728972,4.19583559,8.95283699,-0.02942455,0.02565880,-0.04106751,-0.65938985,4.30655432,8.92547703,-0.04429062,0.01180949,-0.04836132
44.150002,-1.22395301,5.45585108,8.35328960,0.10304500,0.08004200,-0.09317800,-0.89037126,3.67399549,8.91635799,0.01297508,0.01054303,-0.03553861,-0.79505306,3.87405109,8.93799973,-0.02249172,0.01578663,-0.04339870
44.174999,-1.10922003,5.06853104,8.31072330,-0.21682900,-0.10533200,0.06206900,-0.71586448,3.75545645,8.88632774,-0.04575862,0.00662353,-0.00834228,-0.64098907,3.67189217,8.95577812,0.00120247,-0.00303619,-0.01496314
44.200001,-0.66510201,4.96292782,8.16165733,0.11240000,0.05329700,-0.04275300,-0.73251206,3.87195134,8.93244553,-0.01407868,0.01988087,-0.00511857,-0.56440443,3.98347425,8.95521736,-0.01704190,0.02119181,-0.00617569
44.224998,-1.53355896,5.80097389,8.10407829,0.16670699,0.11609600,-0.07154600,-0.93407273,4.15726137,8.81560516,-0.01139268,0.00847182,-0.02193155,-0.85915595,4.12836123,8.82001305,-0.02296820,0.02189856,-0.02451764
44.250000,-1.23139596,5.86240005,8.08599854,-0.08925900,-0.13490599,0.00367000,-0.98824108,4.23796606,8.80910015,0.02261961,-0.00221268,-0.04805545,-0.82283741,4.13334131,8.86066914,-0.00545613,-0.01277156,-0.03427082
44.275002,-1.15728796,5.64214420,8.03224659,0.05261000,0.07253300,-0.11425900,-0.91612834,4.32807779,8.81634998,-0.03317868,0.00372185,-0.09387497,-0.87137961,4.29207373,8.95562744,0.00041637,0.00566565,-0.08050231
44.299999,-1.28534198,5.83092880,8.22943592,-0.12336100,-0.06461600,-0.13930500,-0.81128651,4.03066444,8.83282566,-0.04508772,0.00603934,-0.12116066,-0.72910768,4.10556650,8.87582779,-0.07289834,0.00147286,-0.11915343
44.325001,-0.82547098,5.15844584,8.13659191,-0.19549499,-0.05968400,-0.04963500,-0.76121002,3.86013174,8.86624718,-0.03631726,-0.00607548,-0.12186588,-0.61238509,3.94786406,8.95514488,-0.02363026,-0.00542605,-0.11427348
44.349998,-1.26085997,4.60152102,8.06700993,0.01752900,0.03225900,-0.14036100,-0.87019503,3.81922102,8.89381886,0.02942535,-0.04569610,-0.09236959,-0.69549704,3.55370855,8.92871475,0.07434361,-0.02328832,-0.11612930
44.375000,-1.26481795,5.25402212,8.60104656,0.11245200,-0.12320700,-0.02618000,-0.94102991,3.52191520,9.01442528,-0.01260488,-0.05071948,-0.05251323,-0.68912274,3.41849947,9.23895741,-0.03470661,-0.05820036,-0.05288684
44.400002,-1.16786206,5.00199509,8.33529472,-0.16913000,0.02392900,-0.01007400,-1.13885951,3.66908884,9.01832962,-0.02996351,-0.04061684,-0.01518884,-0.88675284,3.47475195,9.01390266,0.00790480,-0.02600219,-0.03189838
44.424999,-2.03307509,4.95511580,7.92761421,0.18541300,-0.01859800,-0.01232200,-1.32741320,4.16412497,8.87120724,-0.01206442,-0.07323849,-0.01605770,-1.20577753,3.82173777,8.96351910,-0.01326750,-0.07291795,-0.00902767
44.450001,-1.46737504,6.47674513,8.10258293,0.24964300,-0.20722200,-0.11910300,-1.41114271,4.34884357,8.83914471,-0.05627776,-0.09398466,-0.07605158,-1.10672367,4.16698360,8.94281960,-0.08405808,-0.10212402,-0.05424281
44.474998,-1.91031802,6.98892593,8.27011013,-0.17765300,0.03191000,-0.15050000,-1.42559981,4.72598362,8.98689270,-0.14439239,-0.07605150,-0.17329681,-1.36567199,4.56931973,9.10459900,-0.16700590,-0.09134340,-0.13995661
44.500000,-1.64626706,6.64078283,8.36477470,-0.09716600,-0.25635701,-0.27130100,-1.16637123,5.32492685,9.30300331,-0.23539910,-0.01836449,-0.29512659,-1.12421489,5.05761385,9.29431534,-0.13078584,-0.06420704,-0.25102758
44.525002,-0.91240901,6.52290106,8.69958401,-0.59069002,0.02976700,-0.36326599,-1.05113304,3.98142385,9.11074829,-0.14157440,0.03793171,-0.34856865,-0.96213126,4.31305838,9.28782272,-0.30911270,0.00971994,-0.34756631
44.549999,-1.70180500,3.31626701,8.09791279,-0.82098597,-0.03268800,-0.12569700,-0.99074811,2.90034866,8.73005676,-0.08046023,-0.00984642,-0.26609960,-0.88992053,3.30574942,9.04594421,-0.08892919,0.00268555,-0.26857564
44.575001,-0.89396697,2.40562010,7.67942381,0.36214101,-0.26476300,-0.14163500,-0.89842999,3.04515719,8.74224758,-0.02545266,-0.08788649,-0.13938208,-0.62869823,2.72003126,8.71665573,0.11295875,-0.08757959,-0.14980401
44.599998,-0.85801798,6.17395115,8.03160477,1.02407503,0.02542400,-0.28217801,-0.63536161,4.26810503,8.74040985,0.05258740,-0.09733682,-0.12740272,-0.59291244,3.63673878,8.74191093,-0.00324449,-0.09432223,-0.15137514
44.625000,-1.15848505,7.66936588,8.54197598,-0.45259699,-0.20258300,-0.11474100,-0.70344126,3.77594733,8.69580364,-0.01566412,-0.11720278,-0.16920522,-0.44904381,4.16919518,8.80026436,-0.21621157,-0.08613683,-0.17478113
44.650002,-0.97355700,2.67305803,7.77413797,-1.17080903,-0.14526300,0.14695300,-1.05575037,2.95957494,8.66866970,-0.02144115,-0.13694394,-0.13494959,-0.70670599,3.19669867,8.74916077,0.05887302,-0.12562208,-0.11632919
44.674999,-1.81128597,2.61561203,7.68153620,1.01894295,-0.06847500,-0.30222601,-1.10787833,3.44586110,8.73523426,0.01711024,-0.13771580,-0.10723159,-1.05348194,3.24941254,8.76644707,0.10762127,-0.15428166,-0.14928654
44.700001,-0.99435300,8.02120972,8.79756069,0.72420597,-0.25654101,-0.21442600,-0.84516323,3.90955877,8.76261806,-0.01921528,-0.13351181,-0.11530552,-0.82575512,3.80575323,8.90427208,-0.12244525,-0.14246283,-0.12419381
44.724998,-0.75095499,5.95294189,8.35056782,-1.18953705,-0.15600100,0.14144699,-0.70041353,3.81197906,8.90398979,-0.03712557,-0.13427830,-0.12679863,-0.55003017,4.20068121,8.90535259,-0.08422294,-0.17941441,-0.08856767
44.750000,-1.09439397,2.09253001,7.74601603,-0.12494400,-0.14039400,-0.09497500,-0.60343307,3.51310205,8.88422394,0.02222542,-0.11483602,-0.11281411,-0.54642522,3.53393126,9.02254295,0.12587103,-0.14369439,-0.13125809
44.775002,-0.73257899,5.57019806,8.51918507,1.05444503,-0.07969600,-0.25630000,-0.72129351,3.58074665,8.97781754,0.00594662,-0.07148268,-0.09461841,-0.49936071,3.66138172,8.88220692,0.00799553,-0.11394208,-0.12411357
44.799999,-1.10443401,7.19193077,8.90131187,-0.37762499,0.01131200,-0.04955500,-0.73542035,3.64016938,8.98796654,0.00554222,-0.06174324,-0.08616116,-0.60065889,3.90305853,9.03376579,-0.08613013,-0.05150315,-0.11447271
44.825001,-0.87272298,3.37406492,8.04981804,-0.68955600,-0.26124799,0.17339900,-0.47577035,3.50714183,9.01100159,-0.00037126,-0.07796438,-0.05506970,-0.44531313,3.84823608,9.03793144,0.04520947,-0.12469925,0.00609624
44.849998,-0.27375200,3.61925292,8.38360500,0.50281298,0.01194600,-0.18890101,-0.46960959,3.13655615,9.07381058,-0.01754272,-0.05677569,-0.01313789,-0.17434379,3.06000280,9.01409245,-0.01605225,-0.07333677,-0.03135065
44.875000,-1.34050500,6.18440485,8.67891121,0.38334101,0.10104400,-0.01198800,-0.79682857,3.79431415,9.09079933,-0.01191594,-0.03504810,-0.00027332,-0.59678984,3.79575872,8.99054718,-0.02066092,-0.01954173,-0.02582395
44.900002,-1.31161106,6.07122803,8.51007748,-0.27636999,-0.14283299,-0.01181800,-0.90350193,4.03282976,9.05873680,-0.00333188,-0.02757893,-0.04319994,-0.87791133,4.20603371,9.15595531,-0.04313786,-0.03841961,-0.03044642
44.924999,-0.72801298,4.48954582,8.46420193,-0.34345701,-0.04328700,0.01262300,-0.66672993,3.39411235,9.08574200,-0.03714132,-0.02015409,-0.05798507,-0.62410271,3.86616087,9.13226700,-0.02200345,-0.04553084,-0.03159617
44.950001,-0.93287301,4.09639406,8.25731277,0.13921700,-0.02133900,-0.06852900,-0.53721404,3.45259166,8.98870659,-0.00312433,-0.01835330,-0.04026097,-0.45755011,3.26727200,9.01496315,0.03786758,-0.01959598,-0.03347113
44.974998,-0.82718599,5.51019812,8.45572090,0.29903400,0.02013900,-0.09057300,-0.82612938,3.63431406,8.96363735,0.01812566,-0.01404553,-0.03841654,-0.59976327,3.80849934,8.95559883,-0.01895778,-0.00351201,-0.05078864
45.000000,-1.44330502,5.62825394,8.42704296,-0.18196499,0.00834900,-0.02352500,-0.84218752,3.73090529,8.91138554,-0.01759532,-0.01645505,-0.04662180,-0.83445317,3.91503525,9.03236198,-0.02192994,-0.02065015,-0.05909071
45.025002,-0.89190602,4.98273182,8.26011658,0.05119600,-0.10246800,-0.04316400,-0.75252676,4.16449022,9.09651947,-0.01425109,0.01394202,-0.08168732,-0.72485507,4.27386284,9.07125378,0.01667622,-0.01984530,-0.05142025
45.049999,-0.86637300,6.06347179,8.47314644,0.13239600,0.10120300,-0.22752300,-0.66625696,3.80539536,8.99923038,-0.04716253,0.04197339,-0.11532028,-0.54460210,3.93788767,9.04358673,-0.07065241,0.02640362,-0.12547676
45.075001,-1.13138998,4.42882586,8.31394672,-0.75009102,-0.01677500,0.08684500,-0.80693221,2.96194625,8.76594448,0.00879207,0.00507735,-0.05786227,-0.60794395,3.39083338,8.79364300,-0.06125967,0.02784774,-0.05706506
45.099998,-1.21457899,3.05554795,7.97620392,0.31227800,-0.03709900,-0.01367400,-0.86449111,3.57056928,8.96653461,-0.02685970,-0.01020647,-0.01492281,-0.79041648,3.47227526,9.03808594,0.06790746,-0.03578617,-0.01001269
45.125000,-1.00651205,6.49979210,8.67920971,0.74906301,0.10182300,-0.25042301,-0.93125600,3.93531108,9.09490108,0.02739489,0.02757558,-0.03109225,-0.85506320,3.83045769,8.99013615,-0.02363810,0.03066030,-0.06634865
45.150002,-1.32901394,5.84978008,8.91822815,-0.91818500,-0.02781400,0.19113600,-0.91029322,2.85858703,8.91828156,0.05428483,0.01925925,0.00308070,-0.72474653,3.24796915,9.07685471,-0.11643300,0.00960301,0.00184098
45.174999,-1.15061998,2.04047108,7.35738707,-0.00483100,-0.05258200,0.13246700,-0.85708779,3.87508965,8.82326698,0.01347480,-0.01819091,0.04321999,-0.86128277,3.68253374,8.77635193,0.20232226,-0.03564782,0.05168857
45.200001,-1.11054802,6.35747099,8.50578690,1.14349902,0.09362900,-0.30278000,-0.98882753,3.90043783,8.97024632,0.01175934,-0.00405261,0.01894475,-0.81053770,3.87834930,8.86457825,-0.04074608,-0.01070141,-0.02760078
45.224998,-1.51424599,7.40889502,8.71083832,-0.61043400,0.02383200,0.17049800,-1.09851933,3.79413247,8.82237720,-0.01575493,0.01052885,-0.00196459,-1.01674509,4.24459314,8.89846992,-0.06824747,0.00128494,-0.01415980
45.250000,-1.38297105,3.23750710,7.80850792,-0.68161500,-0.09024000,0.10191000,-1.02759838,3.75337315,8.91348076,-0.03043276,0.01390122,-0.00297405,-0.97511035,3.90422487,8.95265579,0.05568203,-0.02139131,-0.00077463
45.275002,-0.97153401,3.83131790,8.24801064,0.56327897,0.08942300,-0.10928200,-0.95802701,3.11587834,8.86500931,0.03356926,0.01727176,0.03155662,-0.79558128,3.29582834,8.81351852,-0.04000518,0.01337260,0.00232412
45.299999,-1.42925298,5.75121021,8.45321655,0.17156699,0.01137400,0.08930300,-0.92562431,3.35914087,8.73766232,0.03481579,-0.00878524,0.08518559,-0.78795737,3.48204279,8.83541393,0.01848623,-0.01391803,0.05969542
45.325001,-1.11173105,4.68235397,7.94775105,-0.28956300,-0.06245800,0.17752799,-0.95912039,3.84702063,8.85162449,0.01417387,-0.03760468,0.10438541,-0.87935489,3.83102322,8.67397404,0.05259120,-0.03579745,0.09382297
45.349998,-1.15617096,5.15847492,8.49493694,0.41302401,0.00602100,-0.00719900,-0.77485687,3.84571123,9.09337234,0.03309463,-0.02034092,0.06863221,-0.71147692,3.96731472,9.23297119,-0.02899853,-0.05035746,0.08518515
45.375000,-1.01336300,6.05251122,8.43154430,0.02811500,0.02910500,0.05838300,-0.90869194,3.95382309,9.04093361,0.06917019,-0.01575216,0.06015542,-0.75798321,4.03678942,8.96254921,0.06316251,0.00291943,0.04799903
45.400002,-1.38952696,5.00613880,8.21046543,-0.22903401,-0.06620900,0.13026600,-0.77955991,3.83598804,8.88736820,0.02467948,-0.04252096,0.05788198,-0.80432487,3.92595243,8.97091675,0.04087647,-0.04464321,0.04273922
45.424999,-0.71817797,4.90326309,8.15814590,0.13847400,-0.08289800,0.02376400,-0.76571602,3.74661136,8.93097019,-0.02065456,-0.05999485,0.05630119,-0.62623292,4.00868225,8.92379665,0.00078962,-0.06210756,0.05296718
45.450001,-1.27140903,5.37609386,8.23725986,0.02180600,0.02341800,0.06664200,-0.81581134,3.75190496,8.83551598,0.03015559,-0.07902484,0.05505043,-0.68691432,3.69989061,8.85514355,0.02638509,-0.07078239,0.04900800
45.474998,-1.16223598,5.34465790,8.07639027,0.08172600,-0.15651999,0.04965400,-0.82857090,3.95691133,8.81581020,0.02539657,-0.09003966,0.03106801,-0.75590509,4.12509537,8.86669827,0.02591527,-0.08655006,0.03209861
45.500000,-0.84214002,5.36563206,8.16518402,-0.05622100,-0.08903100,0.03781000,-0.69961107,3.73963547,8.78706646,0.01132083,-0.10206793,0.01987932,-0.62017757,3.89733696,8.78378105,0.02317453,-0.10940771,0.01838529
45.525002,-1.05691195,4.91438007,8.27212143,-0.05486400,-0.08438200,0.05125300,-0.66408390,3.79752612,8.95734596,-0.00134961,-0.10535305,0.02058861,-0.60377204,3.80307770,8.96575546,0.03317767,-0.10176622,0.02191148
45.549999,-0.86281902,5.11912298,8.20581245,0.07658400,-0.14530399,0.03214500,-0.66241074,3.59831667,8.83836174,0.02087290,-0.12014200,0.03267066,-0.48560429,3.66701555,8.89960384,0.00370265,-0.11343265,0.02033640
45.575001,-0.94956303,4.91557598,8.08739376,0.04291800,-0.09483900,0.10076700,-0.65028518,3.81394076,8.84428692,0.06929225,-0.14737809,0.04844144,-0.59658605,3.85452223,8.79233360,0.10574542,-0.13471992,0.04416499
45.599998,-0.87247401,5.52641201,8.44195271,0.26414701,-0.18069400,0.00911600,-0.54658222,4.01312780,9.06852913,0.02767501,-0.13472189,0.03230819,-0.42684612,4.00016022,9.05550766,0.03915474,-0.15198331,0.03247947
45.625000,-0.57335597,6.01934004,8.30363941,0.01023200,-0.09580500,0.02869600,-0.42782348,4.21026850,9.02310944,0.02741340,-0.10883261,-0.00125247,-0.37477669,4.20939827,8.91870117,0.03032581,-0.12653603,0.00315647
45.650002,-0.83522201,5.83585405,8.34249306,-0.08908900,-0.11095100,-0.02947900,-0.41054353,3.99102521,8.95191002,-0.05529450,-0.10852985,-0.04271856,-0.32772240,4.32289553,9.04968739,-0.04396975,-0.10509980,-0.03328376
45.674999,-0.54960299,4.59578514,8.46366119,-0.50107002,-0.13855900,0.05762700,-0.45177609,3.22351122,8.97499084,-0.04385124,-0.11916295,-0.01339213,-0.19181152,3.38983679,9.00043678,-0.05247957,-0.11104909,-0.02417483
45.700001,-0.57915097,3.59463310,7.68715000,0.33667701,-0.24551199,0.08723700,0.38440055,4.43197870,9.00968647,0.07391013,-0.12556355,0.01150362,-0.03115528,3.56725264,8.83889580,0.16439345,-0.18514283,0.03175984
45.724998,0.12169500,8.99255562,8.52396870,1.15879405,-0.09297000,-0.42396000,-0.13673092,4.56736231,8.82311535,-0.19506225,-0.12393031,-0.11691331,0.15029043,5.15881729,9.22472477,-0.24226898,-0.15296440,-0.12327866
45.750000,-0.57857901,6.05310011,9.74887085,-2.36405897,0.17044701,0.27388400,-0.45847136,2.27186561,9.50420284,0.03424430,-0.09434791,-0.07077365,-0.04732560,2.58271813,9.08910942,-0.27140391,0.01375719,-0.05411178
45.775002,-1.10186303,-2.02737403,7.27362204,-0.08166900,-0.27491799,0.34202200,-0.72843683,3.70147610,9.26760197,-0.06559371,0.04374655,0.06576493,-0.19873071,3.16640806,9.34226799,0.33850506,-0.08058763,0.14343698
45.799999,-0.22650699,6.68054104,8.51478577,2.57369804,0.18884300,-0.71191299,-0.45992252,4.28373766,9.07378864,0.11866383,0.00403492,0.05223631,-0.29217654,3.54133940,9.11560154,0.00374212,-0.07472678,-0.01922238
45.825001,-0.60599899,12.16733074,8.82413769,-0.04642600,-0.29129699,0.25424600,0.65355438,4.33503485,8.58990574,0.02118307,-0.04915961,-0.08187556,0.25760868,5.70605850,9.01427078,-0.23405598,-0.15850163,-0.03943165
45.849998,0.65775102,3.74091196,8.68258190,-2.72048306,0.18635300,0.09400000,-0.66236395,3.00628448,9.45567799,-0.13309944,0.02674554,-0.09831960,0.01425188,3.88231993,9.00506783,0.00758234,0.08906058,-0.04137332
45.875000,-3.21371102,-2.56914401,8.53440762,-0.29756999,0.45955601,0.21714801,-1.72629333,1.55398989,9.31770992,0.01351442,0.03184539,0.11304667,-1.41916978,1.39311457,9.75503254,-0.03685197,0.05177234,0.04174516
45.900002,-1.29618394,8.22173405,7.94504118,4.92516804,-0.58501399,-0.60226500,0.05108266,8.62676144,10.75487518,-0.07730825,0.27170661,-0.06423566,-0.97448146,6.15578032,10.13349438,0.21329644,-0.01022900,-0.06838989
45.924999,2.85362196,18.69884872,12.60867119,-0.82570601,0.74414003,-0.78281099,-0.34062728,3.10223961,9.67884922,-0.13190508,0.60644573,-0.31600589,0.61706775,5.49085093,10.36609077,-0.78776282,0.59419131,-0.29431790
45.950001,-3.87980294,1.39320302,5.76756096,-6.03500414,1.35835302,0.78855002,-1.37586856,3.24249172,8.53427029,-0.24293660,0.61341757,-0.23072927,-1.63692331,3.60681009,8.25662994,-0.32537031,0.69585168,-0.13972646
45.974998,-1.72320700,-5.22669888,5.74670315,1.98098302,-0.62221700,-0.67043000,-0.51149714,4.67472315,8.92401314,-0.33264476,0.53844786,-0.23744233,-0.82591206,4.16301441,8.87984562,0.01592129,0.39999548,-0.13836733
46.000000,1.10268903,12.46764183,9.23531342,3.77574205,1.25666106,-1.21527898,-1.45442545,3.85869002,8.97199726,-0.02814431,0.49014065,-0.29124522,-0.83877158,3.83660030,8.85271835,-0.44167092,0.51320821,-0.31195569
46.025002,-4.60634613,11.18159676,9.23512745,-2.96222305,0.36676899,0.12691601,-0.84201849,4.07470226,8.89014626,-0.06748605,0.40048707,-0.28135049,-1.16557479,3.81970406,8.79714108,-0.26866236,0.47245258,-0.35934225
46.049999,0.57134902,-1.42490494,5.87761211,-2.57717109,-0.76277602,0.27674800,-0.94741333,3.03769922,8.37899780,-0.15579104,0.23908512,-0.25458232,-0.92462629,4.05808306,8.95898438,-0.19911592,0.12190960,-0.13475862
46.075001,-1.58116698,-0.52418900,5.85822487,1.91276097,1.21431601,-0.68849999,-1.61985934,2.29220748,7.79720068,0.05437201,0.05516371,-0.13204460,-1.40794170,2.18315530,7.46578026,-0.06135504,0.22711258,-0.24442016
46.099998,-3.62846088,8.58582401,9.20515156,1.86918104,-0.57415801,-0.24101301,-1.23939693,3.34676123,8.62413883,0.12706147,-0.03962352,-0.08152448,-1.44887054,3.34043550,8.78590012,0.03274204,0.09570928,-0.16742015
46.125000,0.49596599,6.92801189,9.18483829,-1.95017898,-0.23448400,0.39141101,-1.55745721,2.65843415,8.92039585,0.00689449,-0.03534253,-0.03787653,-1.34210587,2.87545204,9.36674213,-0.12299469,-0.07382209,0.04957684
46.150002,-2.82294798,-1.53295696,6.68041086,-1.09395397,0.47644800,0.11647900,-1.34801888,2.57050300,8.67758656,0.09818872,-0.07360902,0.07335810,-1.48415625,2.48937106,8.59662151,0.15583512,-0.10909203,-0.00434080
46.174999,-1.57457805,3.50382805,7.90750980,2.31250596,-0.85472798,-0.07880600,-0.72088957,2.42026138,8.26596642,-0.10342463,-0.19269291,0.13937218,-1.03968704,3.29454470,8.77084446,-0.04835609,-0.16942249,0.10800023
46.200001,0.94721699,7.98903608,9.47211266,-0.35875401,0.24077301,0.19742499,-0.92264301,2.77678871,9.17256260,0.01401983,-0.14683257,0.21570300,-0.69753039,2.25688219,8.71613693,-0.07699648,-0.08547965,0.17614752
46.224998,-3.45213509,3.15023804,8.08747768,-0.71316600,0.22348000,0.43544999,-1.23183072,4.27237940,9.09799480,0.14568992,-0.04997823,0.17743686,-1.25938475,3.90686321,9.37996101,0.13401148,-0.09588763,0.20330508
46.250000,-0.60887802,4.76296520,8.08337879,1.15693498,-0.46786901,-0.15474699,-1.28803813,3.63112211,8.91316223,0.18495864,-0.00626002,0.10989208,-1.23237348,4.31954098,9.15471268,0.03301300,-0.04834741,0.11091344
46.275002,-1.34310305,6.64119196,8.77204037,0.02441600,0.52152699,0.22001401,-1.25252366,3.46595073,8.96725941,0.25592890,-0.01614324,0.12882252,-1.19908774,3.34419966,8.90529442,0.21451335,0.03039514,0.10075394
46.299999,-2.50934100,4.41156101,7.88350677,-0.23509100,-0.32363501,0.15486200,-1.15812683,4.04975557,8.83382607,0.07421745,-0.05489260,0.13429628,-1.26317739,4.17466116,8.96206474,0.23256776,-0.01227611,0.13409382
46.325001,-0.26793501,5.34173679,8.18828869,0.51160800,-0.10308500,0.13860500,-1.08332229,4.00983238,9.13041019,0.03459270,-0.08003103,0.10126396,-1.12628639,4.11049795,9.32392025,0.04873389,-0.09323028,0.15439758
46.349998,-1.86917806,6.29917908,8.77703667,0.02118200,0.20145200,-0.06924600,-0.90115571,3.91353130,9.15183830,0.10999328,-0.06399472,0.07981683,-0.94471812,3.96899605,9.18314743,0.01726823,-0.00604628,0.04739370
46.375000,-1.19345200,4.81234789,7.95939684,-0.32800099,-0.37244400,0.34513301,-1.03541338,3.61737084,8.74325371,0.08330768,-0.10341525,0.09086417,-0.99770468,4.04134989,8.87396431,0.08489869,-0.09808212,0.11915360
46.400002,-0.96244103,4.06708717,8.16494846,0.16291600,0.08596300,0.00825700,-1.00245702,3.67315269,8.98447418,0.04031357,-0.12989171,0.12118982,-0.97632414,3.51742220,9.08824730,0.10849540,-0.10400760,0.09340616
46.424999,-1.70280302,5.87179184,8.84359837,0.41905800,-0.10083600,0.10712700,-0.95925850,3.70115304,9.13827991,0.00607146,-0.08671790,0.12757081,-0.97610587,3.75001574,9.31702995,-0.01353450,-0.09419005,0.12369413
46.450001,-0.84100902,5.66977119,8.08020687,-0.31785300,-0.15241501,0.22867399,-0.99023241,3.88092375,8.78539944,0.01079705,-0.08286759,0.13840093,-0.96017712,3.90513229,8.78545094,0.03549162,-0.07844055,0.13825445
46.474998,-1.57891405,4.93861103,7.73856592,0.12725300,0.08558000,0.07418700,-0.88205135,4.47093201,8.81604290,-0.07261405,-0.08231116,0.09932911,-1.05872595,4.24975681,8.80630112,0.01700952,-0.06280821,0.11811864
46.500000,-0.97885698,6.35146189,8.52619934,0.05932300,-0.22718300,0.01213200,-0.91469920,3.86378074,8.90406704,-0.02830371,-0.07202489,0.05041240,-0.62997854,3.85209370,8.95764732,-0.14303114,-0.06699491,0.06671189
46.525002,-1.10934997,5.56806898,8.31227875,-0.30005601,0.10130400,0.11556300,-0.92209291,4.07060194,9.01060295,-0.09116617,-0.03629328,0.01248046,-0.95198846,4.11434603,9.11005020,-0.04286063,-0.03430738,0.05042809
46.549999,-1.37200999,5.04709911,8.01179028,-0.05668100,-0.14192300,-0.08860600,-0.75910813,4.06666565,8.81954288,-0.06207470,-0.03994640,-0.01219277,-0.76911485,4.06652880,8.84659863,-0.07926427,-0.03668684,-0.01492924
46.575001,-0.51609302,5.34105778,8.48641014,-0.03898000,-0.07398900,0.07292500,-0.66326696,3.42352414,8.94506550,-0.02147122,-0.03434215,-0.01555058,-0.61370456,3.72120190,9.07518959,-0.07388616,-0.04348597,0.01113922
46.599998,-1.17849505,4.33377981,8.21538544,-0.27773800,0.08339000,-0.00465100,-0.76144809,3.46248889,8.89413452,-0.00679671,-0.04309995,0.03229636,-0.65600991,3.29341459,8.89446926,0.03178073,-0.01903919,0.01537278
46.625000,-1.25171697,4.68351793,8.02959728,0.37879401,-0.15218700,0.08678400,-0.80324781,3.88814116,8.90799427,-0.01349782,-0.06242728,0.04191759,-0.71513849,3.72244501,8.98584557,0.00014372,-0.06526138,0.06559127
46.650002,-0.79504102,6.10397387,8.52451611,-0.06367300,0.00161800,-0.05672500,-0.88367367,3.45958114,8.86321545,-0.05240276,-0.06752148,0.04733566,-0.77179438,3.66188622,8.87495613,-0.11804311,-0.04297078,0.03711293
46.674999,-1.46948397,4.65909004,8.17368984,-0.35981500,-0.06203800,0.22242001,-0.81404501,3.79182410,8.90994549,-0.06273922,-0.06216769,0.04049696,-0.76236057,3.64513445,8.98674965,-0.00964428,-0.08117482,0.07231032
46.700001,-0.80921102,4.94339609,8.22175598,0.30542201,-0.13648500,-0.12400300,-0.75247175,3.95887613,9.00030327,-0.02624214,-0.05358930,0.00614978,-0.63504970,3.74963093,9.09286594,-0.03343052,-0.08185321,0.01224008
46.724998,-0.94675100,6.36069298,8.55840778,0.19701999,0.07451200,-0.00427700,-0.73612571,4.13238764,9.12802601,0.01518750,-0.03646000,-0.03061268,-0.66720402,4.14497519,9.09828949,-0.03372699,-0.04370169,-0.01116104
46.750000,-1.22467601,5.63432217,8.34564304,-0.46658599,-0.13032700,-0.02549900,-0.65945113,3.67155623,8.84273911,-0.05495513,-0.03767887,-0.03930330,-0.60223675,3.75631094,8.99266243,-0.05190066,-0.03952604,-0.03853735
46.775002,-0.52987498,4.57683277,8.47121143,-0.08411000,-0.03368700,0.03726600,-0.61890119,3.84290314,9.19222260,-0.18055701,-0.00115805,-0.04495437,-0.46161392,3.84284115,9.31354046,-0.05725540,-0.00485739,-0.01894180
46.799999,-1.03032696,4.83769321,8.39463234,-0.02455800,0.10257200,-0.14317000,-0.62500429,3.79940128,9.13435459,0.02787325,0.02895648,-0.03015834,-0.55879074,3.25369787,9.02370071,-0.04846998,0.00904127,-0.04789298
46.825001,-0.99322098,5.80840302,8.46600533,0.23444501,-0.04927600,-0.00108700,-0.66139573,3.63751650,8.91763306,-0.02990437,0.02896550,-0.04629625,-0.54391915,3.97026253,9.25174141,-0.11020493,0.00260489,-0.01882578
46.849998,-0.83926398,4.94699621,8.28243732,-0.42511299,0.09127000,-0.03958500,-0.88945889,3.44850540,8.90436363,0.01836399,0.01461378,-0.03092525,-0.63449961,3.47707272,8.82251167,0.05922089,0.04915478,-0.03152188
46.875000,-1.67228103,3.91123605,8.36205387,0.01193300,0.04132300,0.03834500,-0.99621272,3.39370298,9.03534508,-0.03626699,0.02388009,-0.01036078,-0.85135841,3.19484949,9.21687794,-0.00875513,0.00660682,-0.00072599
46.900002,-0.95124799,5.08471584,8.25115013,0.27888799,-0.07336400,-0.09250300,-0.93171906,3.55485082,8.90559196,-0.00399346,0.00462839,0.01221465,-0.79445481,3.18163633,8.95331383,-0.01641500,0.00347816,-0.01143484
46.924999,-1.11091006,5.55384016,8.44826412,-0.06437200,0.04394800,0.07983500,-0.75183845,3.58902359,8.96387482,0.01462964,-0.01685964,0.01427133,-0.67993861,3.75965309,8.97191620,-0.02682555,-0.02234829,0.02284919
46.950001,-0.95927298,4.66629219,8.17359543,-0.09409400,-0.11114500,0.01266700,-0.63609701,3.83123255,9.01951504,0.04244248,-0.03959165,0.01610088,-0.51136363,3.58467913,8.93838978,0.06928875,-0.02288297,0.00890375
46.974998,-0.86719298,5.41875982,8.23333073,0.37685099,-0.01064900,-0.00100600,-0.68576330,4.05091143,9.02173042,0.00510751,-0.06465238,0.00873851,-0.51023734,3.96929121,9.06570625,0.02465042,-0.06340638,0.00593902
47.000000,-1.12913704,6.16112900,8.75231075,-0.13500600,-0.03979400,-0.04320700,-0.71596682,3.74924922,9.10220242,-0.00039954,-0.06248996,0.00245884,-0.56481552,3.71702433,9.17803383,-0.03599066,-0.04729178,-0.01831765
47.025002,-0.89287400,4.55481195,8.25420570,-0.30722901,-0.12995000,0.18129300,-0.67286259,3.75757360,9.08261204,0.00566414,-0.05259249,0.01119294,-0.47243476,3.78461361,9.10896492,0.04118946,-0.07481989,0.04546354
47.049999,-0.87670100,4.73398685,8.15741158,0.27696601,0.00318000,-0.13133900,-0.67905384,3.66798949,8.91002941,-0.01235496,-0.05999668,0.00708399,-0.49546191,3.55947638,9.01611900,0.00840102,-0.05929416,-0.00798136
47.075001,-1.01887596,5.73322487,8.53470802,0.02164000,-0.08030400,0.07218300,-0.62421644,3.58774972,8.96033382,-0.01538867,-0.06217870,0.00855421,-0.47307208,3.47133446,9.03838348,-0.02575810,-0.07644251,0.01345648
47.099998,-0.72594702,4.88745785,8.49760628,-0.30573899,-0.07954200,0.03802000,-0.61871815,3.54514313,9.06888866,-0.03332907,-0.04666078,0.01345986,-0.44275102,3.43635225,9.11251545,-0.02581494,-0.04979269,0.02223329
47.125000,-0.90395701,4.28549290,8.31516457,0.03347000,0.04434100,0.03852700,-0.67317563,3.41290140,9.00060749,0.00207943,-0.02517759,0.03077300,-0.47710711,3.39580011,9.11666107,0.00347565,-0.03007248,0.03104253
47.150002,-1.08306396,5.02008295,8.38999844,0.21832800,-0.04322200,0.00783300,-0.73469830,3.53454590,8.91859531,0.03007202,-0.02706553,0.05079708,-0.53158224,3.29224825,9.03610420,0.01262584,-0.03631549,0.04866428
47.174999,-0.88517302,5.44532681,8.33601665,0.04264100,0.00049300,0.06812500,-0.71063429,3.85915422,8.94523525,-0.00214161,-0.01275609,0.04941185,-0.60600662,3.66633606,9.03072262,0.01797577,-0.02201377,0.05200131
47.200001,-0.97826600,5.70930719,8.32533455,0.07098700,-0.00112800,-0.02574300,-0.57759482,4.20137930,9.03664112,-0.02984477,0.01611326,0.00239644,-0.45333341,3.85562420,9.10126591,-0.02834081,-0.00542435,0.01222646
47.224998,-0.62447703,6.05742121,8.51019955,-0.10122700,0.00852300,-0.05363600,-0.48427078,3.89412332,9.05374146,-0.06472012,0.03778524,-0.03994763,-0.31729051,3.93063736,9.17126846,-0.09190138,0.02383196,-0.03077414
47.250000,-0.93617702,4.72088480,8.30533791,-0.47519299,0.07847900,0.04003100,-0.67118508,3.49618959,8.96254349,-0.06377424,0.02489464,-0.02102607,-0.40637308,3.39381456,9.02224731,-0.03858294,0.03827243,-0.01888011
47.275002,-1.12084997,3.99968195,8.19380474,0.07619000,-0.03216800,-0.00634300,-0.68438172,3.55941081,8.97899437,-0.06735040,0.00465639,0.01009570,-0.53915632,3.31117487,9.09087944,-0.00101306,0.00856141,-0.00590867
47.299999,-0.69035602,5.66538620,8.69666386,0.27142599,0.01142800,-0.05968900,-0.64450026,3.54689121,9.08351898,-0.07461380,0.02114422,0.01310164,-0.44188645,3.43042850,9.22236729,-0.11205778,0.00291013,0.01394656
47.325001,-1.03338397,5.20489407,8.51646614,-0.54850298,0.08945100,0.08517500,-0.70528442,3.29472542,8.93340302,-0.08001374,0.02890881,0.03117071,-0.58476269,3.26070929,9.00188923,-0.11873520,0.03054072,0.02730453
47.349998,-1.08288801,3.61332703,8.16215801,-0.08063300,-0.03551900,0.09708500,-0.69229603,3.43797016,8.95337772,-0.03105883,0.02806825,0.05118325,-0.55868202,3.34140062,9.10902691,-0.01435488,0.02017301,0.05272133
47.375000,-0.60588199,5.00029182,8.54478645,0.45631000,0.07503300,-0.05907400,-0.60262793,3.46713305,9.04039764,0.03702220,0.04475623,0.06855488,-0.44078746,3.37748671,9.07682228,0.00067575,0.03774402,0.04507871
47.400002,-1.01849198,5.63284206,8.44495583,-0.13344200,0.09320800,0.13827500,-0.60863417,3.41632724,8.85761833,0.04631557,0.03811383,0.09575442,-0.42811686,3.35596991,8.96429443,-0.01210972,0.04685468,0.08650122
47.424999,-1.05951703,4.13530588,7.98578882,-0.21847200,0.00589200,0.17244101,-0.78556484,3.56951427,8.77542114,0.02586992,0.00634801,0.12293009,-0.62207520,3.45048761,8.86620712,0.06587688,0.02369396,0.11584835
47.450001,-0.96326101,4.95379496,8.33305073,0.52263999,0.05568000,0.01987900,-0.70745426,3.87558627,8.98541069,0.03083349,0.03277043,0.10367032,-0.56063753,3.57775068,9.13727379,0.04815035,0.01246782,0.11291044
47.474998,-0.79984999,6.58905411,8.74240875,0.09354500,0.09496200,0.01182500,-0.57402450,3.87072349,9.03376484,0.02922037,0.09173012,0.06373690,-0.48287055,3.82839775,9.13438797,-0.03019114,0.05313955,0.07196926
47.500000,-0.73556900,4.75768185,8.28158283,-0.61800897,0.09239300,0.17144801,-0.53332794,3.43290091,8.91955090,0.03539387,0.10460391,0.06589380,-0.36809835,3.43803740,8.88190842,0.00012132,0.09766789,0.06103286
47.525002,-0.97404498,3.37124300,8.09072304,0.06773500,0.14101700,0.06556100,-0.68959916,3.15325260,8.82170391,0.00126794,0.07536121,0.11153590,-0.51406896,3.22819281,8.95987129,0.04828528,0.09849840,0.08606568
47.549999,-1.14741004,4.95630884,8.58458710,0.52709699,0.14299700,0.06609600,-0.93204743,3.53943157,9.10304737,0.09718913,0.08660080,0.14642416,-0.70096046,3.23781252,9.10786724,0.08020691,0.08724350,0.13098072
47.575001,-1.22362101,6.10621023,8.73659801,0.17231999,0.13170400,0.11168900,-0.86731571,3.92261291,9.17941284,0.10913002,0.12533556,0.13763553,-0.80422610,3.91045952,9.30140114,0.05583291,0.09433126,0.13346915
47.599998,-0.84861499,5.44529581,8.13161659,-0.16613500,0.10812900,0.13031000,-0.64943790,3.89372873,8.91462612,0.07036363,0.13817127,0.11729028,-0.58610797,4.03629875,8.89877987,0.07312212,0.13459495,0.11881055
47.625000,-0.98693901,4.31768179,7.88799906,-0.11154200,0.16747800,0.14190800,-0.72703886,3.60417938,8.75118256,0.10528618,0.08617703,0.13366097,-0.55828875,3.56023645,8.66391754,0.09689542,0.11016099,0.13271271
47.650002,-1.23104703,5.35542202,8.41105270,0.57517201,0.10024100,0.03957300,-0.84789056,3.96857238,9.04724216,0.03981456,0.07371020,0.12786259,-0.65878618,4.01272535,9.15408516,0.06773922,0.08084497,0.11764149
47.674999,-1.10425997,6.23985815,8.76044178,-0.14916401,0.15124100,0.10452500,-0.98248380,3.71785903,9.08656597,0.08590525,0.09607496,0.12916405,-0.83118314,3.85989094,9.15928173,0.04604185,0.09391708,0.09691345
47.700001,-1.37767696,4.42351913,7.84179306,-0.15289199,0.07500600,0.23424000,-0.86688691,4.08193922,8.87646675,0.08447219,0.09447519,0.12999925,-0.81035423,4.07272053,8.85030174,0.10451783,0.07735258,0.16450925
47.724998,-0.85834098,5.38024282,7.99014807,0.47293201,0.06277000,-0.04791900,-0.69356418,3.90268469,8.69178677,0.07775009,0.07104400,0.11606669,-0.62455219,3.92773008,8.76766396,0.05927807,0.06167300,0.09515969
47.750000,-0.93355501,5.81754208,8.62641811,-0.16556001,0.15054400,0.20668800,-0.75122082,3.54570293,8.96146488,0.07979491,0.07053982,0.13696858,-0.58765012,3.76138973,8.90869045,0.07447922,0.07944393,0.12453066
47.775002,-1.26602805,4.18588591,8.23076916,-0.19379400,0.11649700,0.17409500,-0.91329294,3.77158284,8.98903275,0.03631561,0.10124914,0.16533679,-0.75239873,3.80908346,9.08976746,0.09079236,0.08943923,0.16490613
47.799999,-1.26318395,5.46110582,7.67778015,0.72384697,0.16295600,0.03830800,-0.95421898,4.54113150,8.69043255,0.06554987,0.10780641,0.13925457,-0.88760304,4.21809006,8.81949615,0.08093061,0.10466862,0.14609793
47.825001,-1.23905206,7.80953217,8.47513390,0.07007500,0.10263400,-0.02562800,-0.86104327,4.20197392,8.76723385,-0.00712209,0.09834678,0.07383402,-0.79066634,4.54555416,8.88049793,-0.10721812,0.09661595,0.06956357
47.849998,-1.11049199,4.76949310,8.07374001,-1.01912498,0.08311100,0.28553399,-0.91127479,3.77207017,8.85862064,-0.04936741,0.08638829,0.07769344,-0.74265498,3.86942291,8.74759769,-0.02875672,0.09168702,0.09171136
47.875000,-1.39656305,3.32033992,7.75064993,0.33489799,0.09782700,-0.02320200,-0.94275105,3.94067836,8.87256718,-0.02949714,0.07989208,0.08169066,-0.91380966,3.94336081,8.86997795,-0.01805972,0.04874227,0.06894394
47.900002,-1.02220404,6.81162214,8.33410645,0.73388600,0.07575900,-0.08400900,-0.79640138,4.14292812,8.88132191,0.03170569,0.06513353,0.06659686,-0.76173234,4.16999388,8.85884857,-0.04187287,0.06528689,0.04651580
47.924999,-1.12217700,6.74754810,8.32338619,-0.59248197,0.02716900,0.16995101,-0.77105099,4.03280878,8.87036800,-0.02315922,0.02424968,0.05145841,-0.63974011,4.25671482,8.83889771,-0.05730452,0.01526606,0.05037816
47.950001,-1.14550698,3.73686290,7.73479605,-0.39893600,-0.01187100,0.10274900,-0.81169957,4.01751089,8.86418724,-0.01968628,-0.00988541,0.03863458,-0.72806805,4.10310507,8.84866047,0.05003610,-0.01170694,0.04178380
47.974998,-1.12062299,5.42690086,8.19075203,0.76202899,-0.00772200,-0.13129599,-0.79842484,4.08118296,8.98672676,-0.00898049,-0.01501437,0.00968780,-0.73539472,4.21156693,8.97819710,-0.02005030,-0.03495761,-0.00458210
48.000000,-1.09327805,6.88995504,8.37664318,-0.28054699,-0.02384900,0.03500700,-0.86634660,3.79564238,8.76113605,-0.02274480,-0.06601562,0.01785145,-0.73408651,3.98738003,8.77402496,-0.04508895,-0.04527495,-0.00805232
48.025002,-1.31552601,4.19734192,7.80933285,-0.49108800,-0.18001600,0.20663500,-0.70084006,4.21596622,8.81842709,-0.04069218,-0.09554064,0.02075763,-0.76287508,4.15377522,8.84667397,0.01050268,-0.12779532,0.04652797
48.049999,-0.64737397,5.48806381,8.35255241,0.60988897,-0.03561300,-0.20973700,-0.79400975,4.04262781,9.19138145,-0.08376793,-0.07850263,-0.01267937,-0.56224829,4.23451710,9.09541893,-0.08604213,-0.06916218,-0.01508299
48.075001,-1.37364197,6.76438999,8.42444038,-0.26373601,-0.05803800,0.06909800,-0.64878166,3.90860319,8.76015377,-0.06154572,-0.10329893,-0.00967323,-0.63915992,4.10265732,8.87858200,-0.08194545,-0.11338020,-0.03257350
48.099998,-0.62209898,4.28856182,7.83986282,-0.50009102,-0.29895100,0.13526399,-0.58517015,4.05936956,8.90426731,-0.03295014,-0.11774856,-0.01361772,-0.43703797,4.09587240,8.77941513,-0.00449842,-0.13608748,0.01057845
48.125000,-0.85456401,4.86534977,8.29931831,0.44337201,0.09254600,-0.16326900,-0.65184665,3.81021547,8.97962475,-0.00413408,-0.09921287,-0.02638752,-0.49707952,3.83075714,9.03428936,-0.05521548,-0.11131337,-0.03457120
48.150002,-1.21118200,6.51241112,8.56718826,0.13751499,-0.18396100,-0.01215100,-0.62130833,3.96966815,8.95127106,-0.02888295,-0.08336280,-0.03686688,-0.48267126,4.05525017,9.09992218,-0.03120175,-0.10862911,-0.02830665
48.174999,-0.46247101,5.28549004,8.02542591,-0.49045700,-0.13910900,0.06799300,-0.51266241,3.92874360,8.74421215,-0.01047657,-0.08517769,-0.03837464,-0.44011107,3.96024847,8.74748898,-0.01370629,-0.10496723,-0.04267444
48.200001,-1.15023005,4.42210817,8.19273281,0.17209101,0.07480700,-0.08491400,-0.68506873,3.95766330,8.98870182,-0.00333901,-0.06595974,-0.04886084,-0.51987398,3.92017889,9.09327126,0.01580748,-0.05345676,-0.04439183
48.224998,-0.84081000,5.96771812,8.55359173,0.23791499,-0.20002900,-0.08733200,-0.60205096,3.79158640,8.98069954,-0.01995701,-0.02688242,-0.04473444,-0.36531657,3.83371353,9.12463951,-0.04692898,-0.07907788,-0.05328326
48.250000,-0.74651402,5.62388515,8.24549007,-0.32923299,0.09730100,0.02302000,-0.65260947,3.85636830,8.81073380,-0.03946681,-0.01547021,-0.04703486,-0.61390388,3.78957891,8.88821983,-0.04488651,-0.01275847,-0.04453566
48.275002,-1.26152003,4.55177689,7.98325682,-0.01107700,-0.05967600,-0.08058000,-0.68201554,3.98766756,8.84528160,0.00329351,-0.00656156,-0.06562173,-0.55618399,4.00858688,8.85078430,0.02815639,-0.00397937,-0.06782363
48.299999,-0.63924903,5.68273020,8.48048973,0.24522901,-0.03031000,-0.10959900,-0.65668440,3.65979671,8.96035767,-0.01151651,0.01118444,-0.07535017,-0.49525797,3.91128349,9.09020329,-0.04692540,-0.01658826,-0.06906325
48.325001,-1.01475298,5.21025085,8.35209274,-0.34023699,0.07603200,-0.02365000,-0.65205163,3.65415859,8.92676830,-0.00028229,0.01359047,-0.05074377,-0.52315474,3.49975586,8.86863708,0.00674080,0.02091908,-0.06451401
48.349998,-1.03550804,4.37157202,8.09951878,0.04818200,-0.07928000,0.00288000,-0.66620857,3.73967695,8.90119934,-0.00231400,0.00540323,-0.03464948,-0.53491080,3.75131750,9.01018429,0.01457916,0.00262080,-0.03731465
48.375000,-0.77525902,5.50266218,8.21133137,0.34556299,0.06581000,-0.12885500,-0.71927029,3.96454716,8.90971279,0.04057028,0.00499946,-0.03438747,-0.53620094,3.76745653,8.88219070,0.01792949,0.00409620,-0.03687813
48.400002,-1.29134703,6.12478304,8.36381435,-0.05437500,0.00376100,-0.01012500,-0.74561989,3.92659783,8.83283424,0.00114357,0.00082656,-0.04359232,-0.57500118,3.92280054,8.96741486,-0.02710775,-0.00278169,-0.03957610
48.424999,-0.89484400,4.85678101,8.17685223,-0.35270700,-0.04708700,0.00383500,-0.78248084,3.76529646,8.86692619,-0.00905464,0.00622907,-0.03890672,-0.63375598,3.67605877,8.87640572,0.00981430,0.01113343,-0.04744152
48.450001,-1.03454006,4.40723705,8.22025394,0.13936800,0.05384900,-0.03148000,-0.74390519,3.63086081,8.92768288,0.00348131,0.01719584,-0.01587047,-0.56637806,3.53895473,9.02945709,0.03090379,0.00709910,-0.02597725
48.474998,-0.94636399,5.47177410,8.23100758,0.19832399,-0.02841300,-0.04977100,-0.61951095,3.72820091,8.79268074,0.02483612,0.01252391,0.00687253,-0.51267886,3.59516668,8.86749268,-0.00656621,-0.00623139,-0.00500827
48.500000,-0.77048999,5.56644392,8.21349812,-0.02799500,0.02061900,0.05781600,-0.67944741,3.94935346,8.84797287,0.02473283,0.00751274,0.00122636,-0.47773135,3.99634218,8.87360954,0.02311452,0.00305622,0.01347162
48.525002,-1.15316999,5.03908587,8.31049919,-0.10965600,0.06850300,-0.05414600,-0.71610171,3.67504954,8.87860966,0.03757757,0.02031167,-0.00145327,-0.58572167,3.59803629,8.97813034,0.03712623,0.01081133,-0.01806038
48.549999,-0.89211202,4.88052988,8.02571583,0.15187199,-0.06203100,0.07023900,-0.63228834,3.93672919,8.81990719,0.03352386,0.02341332,0.00582247,-0.46645829,3.62272453,8.90907669,0.07032926,0.00475698,0.02157930
48.575001,-0.87628901,5.95026398,8.29167271,0.24593601,0.11875800,-0.13963000,-0.73004335,4.08504105,8.93554020,0.01936718,0.02153582,-0.01486666,-0.50316948,3.85208607,8.95790482,0.00232918,0.03355908,-0.00515469
48.599998,-1.27463603,5.82148600,8.42682552,-0.22870401,0.00436500,0.04881700,-0.75444788,3.93356609,8.97330189,0.00903862,0.02745062,-0.02665681,-0.53425336,3.71139431,9.06456661,-0.01600254,0.01882539,-0.01399822
48.625000,-0.84985399,4.62432909,8.09184647,-0.16645800,-0.05616600,0.01028300,-0.69440496,3.84908128,8.92058086,-0.01683811,0.01927617,-0.01064505,-0.52062541,3.61159945,8.99492550,0.03977371,0.02644042,-0.01032069
48.650002,-0.95308399,5.19631100,8.32098866,0.23373300,0.11283600,-0.06945800,-0.71702802,3.82823968,8.98743057,-0.03110410,0.01925402,0.00218417,-0.50518310,3.58440304,9.08433914,-0.02852059,0.00876155,0.01462958
48.674999,-1.23630095,5.72907686,8.42573357,-0.08428200,-0.01456300,0.02738000,-0.78870332,3.84006763,8.95214939,-0.01197189,0.01881464,0.01478790,-0.56174237,3.54296350,9.07396984,-0.03655759,0.00408938,0.02470716
48.700001,-0.90912300,4.97219896,8.03982067,-0.10974900,-0.01663100,0.05750400,-0.74731380,3.93982315,8.87736511,0.00835858,0.00343505,0.01565132,-0.57923478,3.75244999,8.92658806,0.02118223,0.01083552,0.01686982
48.724998,-1.10571206,5.21261311,8.18198681,0.19822501,0.04145600,-0.04533600,-0.75641316,3.97212553,8.93050003,0.03169912,-0.00634662,0.00854268,-0.54748464,3.65530920,9.00265026,0.02253082,-0.00960815,0.02526414
48.750000,-1.06156504,5.86751986,8.32470703,0.05140100,-0.04183200,0.00688400,-0.75000983,3.94251180,8.89976501,0.00483946,-0.01492681,0.00392158,-0.54124701,3.70593691,9.05199814,0.00103763,-0.01690355,0.00955250
48.775002,-0.91495103,5.23752689,8.22049522,-0.21398100,-0.02805200,0.04987800,-0.70546269,3.91979933,8.93481922,-0.00133303,-0.02179375,0.01025483,-0.47169822,3.60992765,8.98504639,0.01702935,-0.02115182,0.00378934
48.799999,-1.02474999,4.92824078,8.19923687,0.04893100,0.00112800,0.00843200,-0.71185917,3.86236787,8.91998863,-0.02510135,-0.02150459,0.02097926,-0.46738824,3.59879208,9.05874729,0.00341853,-0.01794401,0.02240027
48.825001,-0.97561598,5.47674608,8.17742825,0.10391500,-0.03311600,0.01617600,-0.69191360,3.89689755,8.81556511,0.00933491,-0.02094879,0.03079725,-0.49299917,3.61234331,8.94157791,-0.00752795,-0.02865117,0.03506547
48.849998,-0.98059797,5.46178722,8.10234737,-0.06911000,-0.00816600,0.04699800,-0.72251654,3.84684110,8.72678089,-0.00272001,-0.02681536,0.02523694,-0.52818429,3.69548655,8.87170219,0.00820300,-0.02602467,0.02780650
48.875000,-1.05006397,4.86144018,8.18772697,-0.11196100,-0.01287500,0.04667100,-0.76335615,3.76286530,8.84013653,0.01147981,-0.01955868,0.03011676,-0.51993096,3.40315914,8.91600418,0.03408456,-0.02232044,0.02845771
48.900002,-0.96663600,5.13761806,8.24348640,0.19740500,-0.02186800,0.00660300,-0.69243950,3.84791493,8.87620354,0.01703340,-0.00366854,0.02841186,-0.51595134,3.63048029,9.01051331,0.00497745,-0.02029090,0.03218240
