setting,method,method_family,model_type,causal_online,rmse_mean,rmse_std,pearson_mean,pearson_std,psd_distance_mean,psd_distance_std,hf_improvement_mean,hf_improvement_std,params_k,fp32_size_mb,cpu_window_ms_mean,cpu_window_ms_std,stream_ms_step_mean,stream_ms_step_std,embedded_feasibility,rmse_wilcoxon_p_vs_tcn_causal
by_experiment,TCN-causal,proposed causal neural model,dilated convolution,yes,0.3912,0.0031,0.8512,0.0006,0.053,0.0012,8.3459,0.0375,101.326,0.3865,17.336,2.8594,16.9875,2.177,possible_on_embedded_linux,reference
by_experiment,Transformer-causal,causal neural comparator,causal self-attention mask,yes,0.4241,0.0003,0.8451,0.0014,0.0636,0.0006,8.1333,0.0543,399.11,1.5225,19.0236,4.0594,26.9522,3.7283,possible_on_embedded_linux,1.91E-06
by_experiment,GRU-causal,causal neural comparator,recurrent hidden state,yes,0.4022,0.0015,0.8417,0.0009,0.055,0.0007,8.3136,0.0162,152.07,0.5801,30.8751,3.9636,0.342,0.219,possible_on_embedded_linux,0.05950737
by_experiment,LSTM-causal,causal neural comparator,recurrent hidden/cell state,yes,0.4066,0.0011,0.8397,0.0003,0.0541,0.0003,8.3213,0.0135,202.502,0.7725,32.9845,1.393,5.0552,0.0125,edge_only_or_accelerated,0.000720978
by_experiment,MLP-causal,causal neural comparator,per-timestep zero-history,yes,0.6952,0.0016,0.7213,0.0005,0.1898,0.0002,6.7831,0.0514,18.182,0.0694,0.099,0.0233,0.0674,0.0024,yes_embedded_friendly,1.91E-06
by_experiment,Identity/raw,classical/statistical baseline,raw signal baseline,window/filter,0.817278667,0,0.725449142,0,0.22477694,2.78E-17,1.959244414,0,0,0,0.001347245,1.00E-05,,,yes_classical_filter,9.54E-07
by_experiment,Moving-average low-pass,classical/statistical baseline,statistical/filter baseline,window/filter,0.557487874,0,0.839789416,0,0.132270724,0,7.982354195,8.88E-16,0,0,0.03131199,0.001357874,,,yes_classical_filter,9.54E-07
by_experiment,Butterworth low-pass,classical/statistical baseline,statistical/filter baseline,window/filter,0.571588189,0,0.797452041,0,0.120593619,0,8.056837527,0,0,0,2.05131049,0.013104011,,,yes_classical_filter,9.54E-07
by_experiment,Savitzky-Golay,classical/statistical baseline,statistical/filter baseline,window/filter,0.58523729,0,0.781801865,0,0.120349034,1.39E-17,8.177328894,0,0,0,2.111732339,0.010463279,,,yes_classical_filter,9.54E-07
by_experiment,Wiener filter,classical/statistical baseline,statistical/filter baseline,window/filter,0.652367295,0,0.736671191,1.11E-16,0.138028438,0,7.611472664,0,0,0,0.430524666,0.000650257,,,yes_classical_filter,9.54E-07
by_motion_type,TCN-causal,proposed causal neural model,dilated convolution,yes,0.565,0.0033,0.9104,0.0003,0.0904,0.001,5.1176,0.0082,101.326,0.3865,15.9908,0.8272,22.6897,0.4689,possible_on_embedded_linux,reference
by_motion_type,Transformer-causal,causal neural comparator,causal self-attention mask,yes,0.5894,0.0006,0.9076,0.0005,0.1051,0.0007,5.0661,0.0119,399.11,1.5225,24.6622,3.9946,29.3258,0.9452,possible_on_embedded_linux,0.0625
by_motion_type,GRU-causal,causal neural comparator,recurrent hidden state,yes,0.5931,0.0029,0.9054,0.001,0.0982,0.0017,5.112,0.0074,152.07,0.5801,35.6786,3.872,0.3775,0.2459,edge_only_or_accelerated,0.0625
by_motion_type,LSTM-causal,causal neural comparator,recurrent hidden/cell state,yes,0.6135,0.0059,0.9021,0.0002,0.1008,0.0037,5.0839,0.0171,202.502,0.7725,36.3808,2.4576,5.0413,0.0013,edge_only_or_accelerated,0.0625
by_motion_type,MLP-causal,causal neural comparator,per-timestep zero-history,yes,1.0158,0.0001,0.777,0.0009,0.3112,0.0021,3.4426,0.0297,18.182,0.0694,0.0923,0.0016,0.0657,0.0071,yes_embedded_friendly,0.0625
by_motion_type,Identity/raw,classical/statistical baseline,raw signal baseline,window/filter,1.211920491,0,0.78248357,0,0.41320393,0,1.306282935,0,0,0,0.001350815,2.47E-06,,,yes_classical_filter,0.0625
by_motion_type,Moving-average low-pass,classical/statistical baseline,statistical/filter baseline,window/filter,0.786497612,0,0.876549011,0,0.22218735,0,4.691365082,0,0,0,0.031166263,0.001321804,,,yes_classical_filter,0.0625
by_motion_type,Butterworth low-pass,classical/statistical baseline,statistical/filter baseline,window/filter,0.788268214,0,0.8604226,0,0.192377901,0,4.674312181,0,0,0,2.097293002,0.020618003,,,yes_classical_filter,0.0625
by_motion_type,Savitzky-Golay,classical/statistical baseline,statistical/filter baseline,window/filter,0.810802224,0,0.854960477,1.11E-16,0.19300438,0,4.763900462,0,0,0,2.086471238,0.006202847,,,yes_classical_filter,0.0625
by_motion_type,Wiener filter,classical/statistical baseline,statistical/filter baseline,window/filter,0.939196789,0,0.813949364,0,0.23057052,0,4.435024414,0,0,0,0.43099191,0.000870529,,,yes_classical_filter,0.0625
anomaly_test_only,TCN-causal,proposed causal neural model,dilated convolution,yes,0.407,0.0031,0.8495,0.0006,0.0606,0.0012,8.3852,0.0384,101.326,0.3865,21.3731,3.384,20.6962,1.9308,possible_on_embedded_linux,reference
anomaly_test_only,Transformer-causal,causal neural comparator,causal self-attention mask,yes,0.4397,0.0004,0.8434,0.0014,0.0713,0.0006,8.1865,0.0522,399.11,1.5225,23.9785,1.3991,30.3345,1.6763,possible_on_embedded_linux,1.91E-06
anomaly_test_only,GRU-causal,causal neural comparator,recurrent hidden state,yes,0.4178,0.0014,0.8401,0.0008,0.0626,0.0006,8.357,0.0186,152.07,0.5801,30.0284,3.7152,0.3614,0.2458,possible_on_embedded_linux,0.064649582
anomaly_test_only,LSTM-causal,causal neural comparator,recurrent hidden/cell state,yes,0.4226,0.001,0.8381,0.0003,0.0622,0.0002,8.3595,0.0141,202.502,0.7725,50.975,11.6128,5.6677,0.4325,edge_only_or_accelerated,0.000720978
anomaly_test_only,MLP-causal,causal neural comparator,per-timestep zero-history,yes,0.7119,0.0016,0.7197,0.0005,0.1971,0.0003,6.7975,0.0523,18.182,0.0694,0.1699,0.1119,0.0691,0.0073,yes_embedded_friendly,1.91E-06
anomaly_test_only,Identity/raw,classical/statistical baseline,raw signal baseline,window/filter,0.835540013,0,0.723730625,0,0.233459412,2.78E-17,1.977219206,0,0,0,0.001320938,1.24E-05,,,yes_classical_filter,9.54E-07
anomaly_test_only,Moving-average low-pass,classical/statistical baseline,statistical/filter baseline,window/filter,0.574252664,0,0.837814637,0,0.140258373,0,8.034962086,0,0,0,0.029303227,5.93E-05,,,yes_classical_filter,9.54E-07
anomaly_test_only,Butterworth low-pass,classical/statistical baseline,statistical/filter baseline,window/filter,0.587301803,0,0.795781368,0,0.128441606,0,8.148843704,0,0,0,2.050142487,0.018737901,,,yes_classical_filter,9.54E-07
anomaly_test_only,Savitzky-Golay,classical/statistical baseline,statistical/filter baseline,window/filter,0.601295611,0,0.780179012,0,0.128223719,0,8.256381306,0,0,0,2.109626258,0.027999008,,,yes_classical_filter,9.54E-07
anomaly_test_only,Wiener filter,classical/statistical baseline,statistical/filter baseline,window/filter,0.668334754,0,0.735116305,0,0.145568863,0,7.674758102,0,0,0,0.431395999,0.001651974,,,yes_classical_filter,9.54E-07
