motion_name,kc_type,experiment_id,motion_folder,motion_index,segment_id,sampling_frequency_hz,time_s,acc_nonrigid_norm,acc_rigid_norm,gyr_nonrigid_norm,gyr_rigid_norm,nonrigid_acc_x,rigid_acc_x,nonrigid_acc_y,rigid_acc_y,nonrigid_acc_z,rigid_acc_z,nonrigid_gyr_x,rigid_gyr_x,nonrigid_gyr_y,rigid_gyr_y,nonrigid_gyr_z,rigid_gyr_z
canonical,arm,exp01,motion01_canonical,motion01,seg3,40.0,42.924999,10.31436348,9.66985226,0.63515490,0.01169041,-1.67258096,-1.00686085,5.95755100,3.90096998,8.25203896,8.79060364,-0.62513101,0.00552056,0.03685600,-0.00995744,0.10618200,0.00265302
canonical,arm,exp01,motion01_canonical,motion01,seg3,40.0,42.950001,8.43508911,9.65572453,0.31602439,0.06786408,-1.23350203,-1.09410501,3.15751791,3.70903277,7.72394180,8.84754372,-0.24491200,0.00681487,-0.14395700,-0.04959815,0.13844100,0.04581609
canonical,arm,exp01,motion01_canonical,motion01,seg3,40.0,42.974998,10.00139713,9.90410709,0.86734247,0.06368481,-1.07276595,-0.82943636,5.42078400,4.03374386,8.33619976,9.00734615,0.85792398,0.02004067,0.01671900,-0.03484665,-0.12637199,0.04939471
canonical,arm,exp01,motion01_canonical,motion01,seg3,40.0,43.000000,11.43247890,9.81944656,0.06641451,0.05043897,-1.27873194,-0.95894814,7.63424587,4.26843357,8.41336536,8.79104233,-0.06021600,-0.04225211,0.01759900,-0.02608457,0.02179900,0.00885688
canonical,arm,exp01,motion01_canonical,motion01,seg3,40.0,43.025002,9.34703541,9.51695824,0.88978547,0.07705855,-1.31286895,-0.87443161,4.82904387,3.81274247,7.89454079,8.67587757,-0.86686897,-0.06193737,-0.13062400,-0.04544305,0.15229499,-0.00605900
canonical,arm,exp01,motion01_canonical,motion01,seg3,40.0,43.049999,8.84790134,9.63188744,0.11478959,0.04356043,-0.85753101,-0.88963562,3.21082497,3.38607192,8.20003700,8.97308826,0.11460100,0.00292330,-0.00481000,-0.02651795,0.00448600,0.03443492
canonical,arm,exp01,motion01_canonical,motion01,seg3,40.0,43.075001,10.10321999,9.80290318,0.68246323,0.08729281,-1.29251599,-0.85530388,5.50065804,3.93524909,8.37539387,8.93751526,0.67872900,0.04649955,0.06586600,0.00379420,-0.02728800,0.07377961
canonical,arm,exp01,motion01_canonical,motion01,seg3,40.0,43.099998,10.80829430,9.81736946,0.05726539,0.06050421,-1.28988302,-0.99321395,7.29967117,4.58851767,7.86576319,8.62205124,0.05087900,-0.05281773,-0.01612600,-0.01493102,0.02075100,0.02545804
canonical,arm,exp01,motion01_canonical,motion01,seg3,40.0,43.125000,10.54798126,9.81789398,0.77663624,0.07911973,-1.18779504,-0.83429968,5.60885382,3.59252310,8.85380268,9.09883308,-0.77126497,-0.07639220,-0.06091200,-0.01618589,0.06785200,-0.01273499
canonical,arm,exp01,motion01_canonical,motion01,seg3,40.0,43.150002,8.34810257,9.66286278,0.23201713,0.05560509,-0.93531197,-0.85910785,2.81083107,3.57203174,7.80482101,8.93719387,-0.18589599,0.02446390,0.02982800,0.03005100,0.13559100,0.03987959
canonical,arm,exp01,motion01_canonical,motion01,seg3,40.0,43.174999,9.99414539,9.80898571,1.03003156,0.04777287,-1.23490703,-0.73454487,5.61186886,4.12830591,8.17709446,8.86756611,1.01141000,-0.00850495,0.04971900,0.01632664,-0.18852800,0.04408349
canonical,arm,exp01,motion01_canonical,motion01,seg3,40.0,43.200001,11.79237175,9.87807274,0.27792066,0.03959462,-0.89561802,-0.84218991,7.75048780,4.01956367,8.84238911,8.98388290,-0.26744699,-0.00581452,0.04164200,0.03652228,0.06307100,0.01414384
canonical,arm,exp01,motion01_canonical,motion01,seg3,40.0,43.224998,9.17853260,9.72433662,0.88058788,0.04133921,-1.37893796,-0.85421771,3.99901199,3.65076160,8.14566708,8.97245693,-0.86308199,-0.02257251,0.03040700,0.03093664,0.17204601,0.01556716
canonical,arm,exp01,motion01_canonical,motion01,seg3,40.0,43.250000,8.63390446,9.56725407,0.44914666,0.07118320,-0.89558399,-0.81433052,3.31727695,3.53783846,7.92072678,8.85171795,0.44568801,0.01182330,0.00548400,0.04369641,-0.05536100,0.05493525
canonical,arm,exp01,motion01_canonical,motion01,seg3,40.0,43.275002,10.63049507,9.83027554,0.76157415,0.06447849,-1.14182103,-0.82807487,6.77760792,4.37533522,8.10972786,8.76384830,0.74697000,0.01995069,0.13571000,0.04893336,-0.06011500,0.03694551
canonical,arm,exp01,motion01_canonical,motion01,seg3,40.0,43.299999,11.22347736,9.83806705,0.41819519,0.03745903,-1.29689395,-0.83225375,7.35306978,4.30482435,8.37955093,8.80700874,-0.41738600,-0.00781882,-0.00650200,0.01518780,-0.02517700,-0.03333731
canonical,arm,exp01,motion01_canonical,motion01,seg3,40.0,43.325001,9.08298779,9.72841072,0.82178110,0.03799978,-0.96213400,-0.86061823,3.79276705,3.52030230,8.19694328,9.02822113,-0.80162197,-0.02701026,-0.04005200,0.02308354,0.17641500,-0.01347513
canonical,arm,exp01,motion01_canonical,motion01,seg3,40.0,43.349998,8.72638416,9.59533596,0.51679420,0.04548283,-1.22698104,-0.80042106,3.41241693,3.58713722,7.93723583,8.86353493,0.50186402,-0.00073123,0.07435700,-0.00098266,-0.09838600,0.04546634
canonical,arm,exp01,motion01_canonical,motion01,seg3,40.0,43.375000,10.65602112,9.73340511,0.61807418,0.07645843,-1.02152598,-0.77334529,6.70843077,4.09561634,8.21609497,8.79585361,0.61508203,0.04592506,-0.06046200,-0.02757624,0.00584400,0.05455576
canonical,arm,exp01,motion01_canonical,motion01,seg3,40.0,43.400002,10.78754330,9.92750168,0.43170971,0.03758074,-1.00054002,-0.70880342,6.56011820,4.16512251,8.50499058,8.98357582,-0.42502999,0.01135276,-0.02303100,-0.03506559,0.07205800,0.00733700
canonical,arm,exp01,motion01_canonical,motion01,seg3,40.0,43.424999,9.10136318,9.71202660,0.34562945,0.02683676,-1.20833099,-0.91779560,4.23389196,3.85876060,7.96548223,8.86516094,-0.33908999,-0.00726181,0.00697600,-0.02578868,0.06655100,0.00155623
canonical,arm,exp01,motion01_canonical,motion01,seg3,40.0,43.450001,9.44419384,9.53091526,0.30855918,0.06146008,-1.30096495,-0.89308476,4.57620811,3.56364727,8.15834618,8.79438210,0.30329001,0.01007454,-0.05162500,-0.04466266,-0.02363900,0.04100111
canonical,arm,exp01,motion01_canonical,motion01,seg3,40.0,43.474998,9.97246265,9.55729580,0.13982338,0.08118568,-0.95917600,-0.86353368,5.65834618,3.76159072,8.15555763,8.74337769,0.10335300,0.01162957,-0.05426900,-0.05431718,0.07696500,0.05920736
canonical,arm,exp01,motion01_canonical,motion01,seg3,40.0,43.500000,9.87621689,9.76653862,0.09261673,0.05597376,-1.17776501,-0.80241472,5.38360786,4.08204269,8.19568729,8.83619499,-0.06919700,0.01156755,-0.01738900,-0.03368664,0.05905300,0.04317944
canonical,arm,exp01,motion01_canonical,motion01,seg3,40.0,43.525002,9.81919479,9.72505760,0.06365544,0.05341430,-1.03094196,-0.81587738,5.30246687,3.95875859,8.19985294,8.84529972,0.05547700,0.03586512,-0.01346800,-0.01073415,0.02815900,0.03809932
canonical,arm,exp01,motion01_canonical,motion01,seg3,40.0,43.549999,9.77943325,9.60207367,0.07966460,0.07156722,-1.16892803,-0.87835258,5.25061321,3.74371767,8.16712856,8.79846001,-0.03847700,0.03290097,0.01788400,-0.02796351,0.06742500,0.05707394
canonical,arm,exp01,motion01_canonical,motion01,seg3,40.0,43.575001,9.43612862,9.65917778,0.12885207,0.09707453,-1.24424005,-0.80414146,4.83828402,3.94731164,8.00521088,8.77905464,0.04121200,0.03574513,-0.06750600,-0.05336517,0.10172200,0.07278673
canonical,arm,exp01,motion01_canonical,motion01,seg3,40.0,43.599998,10.26816750,9.95577145,0.35059223,0.05352730,-0.90820903,-0.75806987,5.96834421,4.29216814,8.30597878,8.95097828,0.34666401,-0.01148769,-0.04778900,-0.03317809,-0.02133500,0.04040320
canonical,arm,exp01,motion01_canonical,motion01,seg3,40.0,43.625000,10.52503967,9.74614525,0.31570005,0.10168336,-0.85414702,-0.56462854,6.08166885,3.86724210,8.54752636,8.92821217,-0.30591300,0.07954965,0.02818500,0.00176709,0.07272800,0.06331065
canonical,arm,exp01,motion01_canonical,motion01,seg3,40.0,43.650002,9.02447319,9.59617329,0.26902911,0.11853874,-0.96206498,-0.69762391,4.00521088,3.58690667,8.02956009,8.87321568,-0.12121100,0.07571455,-0.00250700,0.00234540,0.24016300,0.09117696
canonical,arm,exp01,motion01_canonical,motion01,seg3,40.0,43.674999,9.41495323,9.66318989,0.46281686,0.11579381,-0.98155999,-0.69350833,4.82237387,3.89995146,8.02636909,8.81400394,0.44838500,0.05554262,0.06222400,-0.00869707,-0.09632500,0.10123035
canonical,arm,exp01,motion01_canonical,motion01,seg3,40.0,43.700001,10.84420872,9.94830608,0.34489578,0.06162490,-0.95525402,-0.65274423,6.82613087,4.39481163,8.37187481,8.90103054,0.31201199,-0.01385689,-0.03413500,0.00158216,0.14295600,0.06002593
canonical,arm,exp01,motion01_canonical,motion01,seg3,40.0,43.724998,10.73792076,10.16421413,0.39907712,0.04962908,-1.01851797,-0.86709553,6.49840593,4.45512104,8.48741913,9.09457493,-0.36858299,-0.01549991,0.12982900,0.04514064,-0.08095400,0.01360592
canonical,arm,exp01,motion01_canonical,motion01,seg3,40.0,43.750000,9.31285381,9.65837002,0.35856181,0.05103046,-1.34536302,-0.73851997,4.52069092,3.81716514,8.03010559,8.84126472,-0.29856101,0.01702196,-0.02270700,0.04276874,0.19726200,0.02202715
canonical,arm,exp01,motion01_canonical,motion01,seg3,40.0,43.775002,9.34485435,9.75494576,0.34366399,0.03073684,-0.75793302,-0.81941307,4.83062077,3.94057679,7.96347618,8.88590908,0.31150600,-0.00683727,0.02871900,0.02584900,-0.14228199,0.01516029
canonical,arm,exp01,motion01_canonical,motion01,seg3,40.0,43.799999,10.61485958,9.98041630,0.27361122,0.03135590,-1.31791401,-0.79564333,6.37908888,4.32403755,8.38126278,8.95981979,0.24632201,0.01528647,0.11867000,0.02714785,0.01029600,-0.00353700
canonical,arm,exp01,motion01_canonical,motion01,seg3,40.0,43.825001,10.41562176,9.92230320,0.24781364,0.05352760,-1.06262398,-0.77238733,6.31465721,4.33638191,8.21468830,8.89108086,-0.22375099,-0.02209860,-0.10007200,0.03558257,-0.03650600,-0.03332771
canonical,arm,exp01,motion01_canonical,motion01,seg3,40.0,43.849998,9.45757771,9.72818184,0.37288961,0.07305124,-0.85389298,-0.81358320,4.86799383,3.88640285,8.06345272,8.88096142,-0.34846500,-0.06462296,0.12563799,0.02951321,0.04282400,-0.01700964
canonical,arm,exp01,motion01_canonical,motion01,seg3,40.0,43.875000,9.46366787,9.68133068,0.10058949,0.06929912,-1.44389296,-0.79412991,4.67564297,3.86363292,8.10028076,8.84137249,0.08695000,-0.06699467,-0.03156000,0.01668380,-0.03952100,0.00597770
canonical,arm,exp01,motion01_canonical,motion01,seg3,40.0,43.900002,10.13803768,9.70368671,0.21783420,0.07408822,-0.82802999,-0.82669741,6.06966019,4.11979771,8.07795811,8.74673557,0.21079600,-0.07025037,0.00552200,0.01533533,-0.05464700,-0.01785430
canonical,arm,exp01,motion01_canonical,motion01,seg3,40.0,43.924999,10.31226635,9.86111164,0.25037169,0.07258481,-1.20800304,-0.75554961,6.04338789,4.23249149,8.26807308,8.87449646,-0.24622799,-0.06010788,0.04083300,0.01684445,-0.01975900,-0.03703866
canonical,arm,exp01,motion01_canonical,motion01,seg3,40.0,43.950001,9.56686401,9.60015106,0.35487342,0.05447514,-0.98106998,-0.78447533,4.70293713,3.65954614,8.27313614,8.84054470,-0.35335401,-0.03580671,-0.02003300,0.03673300,0.02597600,-0.01833323
canonical,arm,exp01,motion01_canonical,motion01,seg3,40.0,43.974998,9.24127197,9.67570496,0.24045824,0.05446962,-0.96389300,-0.69704562,4.47409916,3.86956668,8.02835369,8.84080601,0.22848800,-0.00737814,0.06558200,0.05317174,-0.03622700,-0.00923411
canonical,arm,exp01,motion01_canonical,motion01,seg3,40.0,44.000000,10.26914310,9.54389381,0.19617477,0.05083562,-0.94865000,-0.69430870,6.05690289,3.79601860,8.23828220,8.72892284,0.16160300,-0.02837637,0.05544300,0.04213634,-0.09641100,0.00188950
canonical,arm,exp01,motion01_canonical,motion01,seg3,40.0,44.025002,9.95737076,9.71483040,0.44194201,0.06056905,-0.93342400,-0.68210816,5.13981915,3.66991282,8.47704029,8.96907997,-0.41813201,-0.01839801,0.02132400,0.05640686,0.14150500,0.01218151
canonical,arm,exp01,motion01_canonical,motion01,seg3,40.0,44.049999,9.00082684,9.71515942,0.19589800,0.09394625,-0.94495702,-0.77897578,4.25463676,3.97785807,7.87527800,8.82916546,0.13756800,0.02548553,0.12168200,0.08782773,-0.06815100,0.02150988
canonical,arm,exp01,motion01_canonical,motion01,seg3,40.0,44.075001,10.24801064,9.55433083,0.42760906,0.05345800,-1.35517895,-0.85924125,6.12987614,3.95578718,8.09998894,8.65440273,0.41020399,0.00046783,0.11279800,0.05127173,-0.04311400,0.01512446
canonical,arm,exp01,motion01_canonical,motion01,seg3,40.0,44.099998,10.15036201,9.70444298,0.38097382,0.04144765,-1.17167604,-0.87424570,5.93546677,4.00559139,8.15029144,8.79585934,-0.37707499,-0.02604751,-0.04132300,0.02532661,0.03532600,-0.01994989
canonical,arm,exp01,motion01_canonical,motion01,seg3,40.0,44.125000,9.43564606,9.91548061,0.05296982,0.05666321,-0.95682698,-0.74728972,4.85634089,4.19583559,8.03317165,8.95283699,-0.03124800,-0.02942455,0.01014700,0.02565880,-0.04155000,-0.04106751
canonical,arm,exp01,motion01_canonical,motion01,seg3,40.0,44.150002,10.05195618,9.68465042,0.16033444,0.03927468,-1.22395301,-0.89037126,5.45585108,3.67399549,8.35328960,8.91635799,0.10304500,0.01297508,0.08004200,0.01054303,-0.09317800,-0.03553861
canonical,arm,exp01,motion01_canonical,motion01,seg3,40.0,44.174999,9.79737186,9.67381668,0.24892209,0.04698208,-1.10922003,-0.71586448,5.06853104,3.75545645,8.31072330,8.88632774,-0.21682900,-0.04575862,-0.10533200,0.00662353,0.06206900,-0.00834228
canonical,arm,exp01,motion01_canonical,motion01,seg3,40.0,44.200001,9.57526302,9.76305103,0.13153763,0.02489293,-0.66510201,-0.73251206,4.96292782,3.87195134,8.16165733,8.93244553,0.11240000,-0.01407868,0.05329700,0.01988087,-0.04275300,-0.00511857
canonical,arm,exp01,motion01_canonical,motion01,seg3,40.0,44.224998,10.08360958,9.79133320,0.21537952,0.02612581,-1.53355896,-0.93407273,5.80097389,4.15726137,8.10407829,8.81560516,0.16670699,-0.01139268,0.11609600,0.00847182,-0.07154600,-0.02193155
canonical,arm,exp01,motion01_canonical,motion01,seg3,40.0,44.250000,10.06317234,9.82533550,0.16180316,0.05315891,-1.23139596,-0.98824108,5.86240005,4.23796606,8.08599854,8.80910015,-0.08925900,0.02261961,-0.13490599,-0.00221268,0.00367000,-0.04805545
canonical,arm,exp01,motion01_canonical,motion01,seg3,40.0,44.275002,9.88383007,9.86405468,0.14520319,0.09963527,-1.15728796,-0.91612834,5.64214420,4.32807779,8.03224659,8.81634998,0.05261000,-0.03317868,0.07253300,0.00372185,-0.11425900,-0.09387497
canonical,arm,exp01,motion01_canonical,motion01,seg3,40.0,44.299999,10.16737175,9.74285603,0.19697472,0.12941901,-1.28534198,-0.81128651,5.83092880,4.03066444,8.22943592,8.83282566,-0.12336100,-0.04508772,-0.06461600,0.00603934,-0.13930500,-0.12116066
canonical,arm,exp01,motion01_canonical,motion01,seg3,40.0,44.325001,9.66928577,9.70001984,0.21034282,0.12730730,-0.82547098,-0.76121002,5.15844584,3.86013174,8.13659191,8.86624718,-0.19549499,-0.03631726,-0.05968400,-0.00607548,-0.04963500,-0.12186588
canonical,arm,exp01,motion01_canonical,motion01,seg3,40.0,44.349998,9.37232208,9.71821499,0.14508314,0.10717334,-1.26085997,-0.87019503,4.60152102,3.81922102,8.06700993,8.89381886,0.01752900,0.02942535,0.03225900,-0.04569610,-0.14036100,-0.09236959
canonical,arm,exp01,motion01_canonical,motion01,seg3,40.0,44.375000,10.15787983,9.72364616,0.16885145,0.07408771,-1.26481795,-0.94102991,5.25402212,3.52191520,8.60104656,9.01442528,0.11245200,-0.01260488,-0.12320700,-0.05071948,-0.02618000,-0.05251323
canonical,arm,exp01,motion01_canonical,motion01,seg3,40.0,44.400002,9.79086304,9.80252457,0.17111120,0.05270902,-1.16786206,-1.13885951,5.00199509,3.66908884,8.33529472,9.01832962,-0.16913000,-0.02996351,0.02392900,-0.04061684,-0.01007400,-0.01518884
canonical,arm,exp01,motion01_canonical,motion01,seg3,40.0,44.424999,9.56732178,9.88940239,0.18675037,0.07594259,-2.03307509,-1.32741320,4.95511580,4.16412497,7.92761421,8.87120724,0.18541300,-0.01206442,-0.01859800,-0.07323849,-0.01232200,-0.01605770
canonical,arm,exp01,motion01_canonical,motion01,seg3,40.0,44.450001,10.47631931,9.95159531,0.34561265,0.13335721,-1.46737504,-1.41114271,6.47674513,4.34884357,8.10258293,8.83914471,0.24964300,-0.05627776,-0.20722200,-0.09398466,-0.11910300,-0.07605158
canonical,arm,exp01,motion01_canonical,motion01,seg3,40.0,44.474998,10.99495888,10.25336552,0.23500870,0.23804364,-1.91031802,-1.42559981,6.98892593,4.72598362,8.27011013,8.98689270,-0.17765300,-0.14439239,0.03191000,-0.07605150,-0.15050000,-0.17329681
canonical,arm,exp01,motion01_canonical,motion01,seg3,40.0,44.500000,10.80646324,10.78244591,0.38569987,0.37795460,-1.64626706,-1.16637123,6.64078283,5.32492685,8.36477470,9.30300331,-0.09716600,-0.23539910,-0.25635701,-0.01836449,-0.27130100,-0.29512659
canonical,arm,exp01,motion01_canonical,motion01,seg3,40.0,44.525002,10.91162205,9.99811745,0.69409144,0.37812990,-0.91240901,-1.05113304,6.52290106,3.98142385,8.69958401,9.11074829,-0.59069002,-0.14157440,0.02976700,0.03793171,-0.36326599,-0.34856865
canonical,arm,exp01,motion01_canonical,motion01,seg3,40.0,44.549999,8.91459274,9.25243187,0.83119565,0.27817225,-1.70180500,-0.99074811,3.31626701,2.90034866,8.09791279,8.73005676,-0.82098597,-0.08046023,-0.03268800,-0.00984642,-0.12569700,-0.26609960
canonical,arm,exp01,motion01_canonical,motion01,seg3,40.0,44.575001,8.09689713,9.30091667,0.47043177,0.16673103,-0.89396697,-0.89842999,2.40562010,3.04515719,7.67942381,8.74224758,0.36214101,-0.02545266,-0.26476300,-0.08788649,-0.14163500,-0.13938208
canonical,arm,exp01,motion01_canonical,motion01,seg3,40.0,44.599998,10.16663837,9.74757290,1.06254435,0.16873454,-0.85801798,-0.63536161,6.17395115,4.26810503,8.03160477,8.74040985,1.02407503,0.05258740,0.02542400,-0.09733682,-0.28217801,-0.12740272
canonical,arm,exp01,motion01_canonical,motion01,seg3,40.0,44.625000,11.53805065,9.50629330,0.50896895,0.20642738,-1.15848505,-0.70344126,7.66936588,3.77594733,8.54197598,8.69580364,-0.45259699,-0.01566412,-0.20258300,-0.11720278,-0.11474100,-0.16920522
canonical,arm,exp01,motion01_canonical,motion01,seg3,40.0,44.650002,8.27830124,9.22060394,1.18890297,0.19345480,-0.97355700,-1.05575037,2.67305803,2.95957494,7.77413797,8.66866970,-1.17080903,-0.02144115,-0.14526300,-0.13694394,0.14695300,-0.13494959
canonical,arm,exp01,motion01_canonical,motion01,seg3,40.0,44.674999,8.31433582,9.45545673,1.06502306,0.17537679,-1.81128597,-1.10787833,2.61561203,3.44586110,7.68153620,8.73523426,1.01894295,0.01711024,-0.06847500,-0.13771580,-0.30222601,-0.10723159
canonical,arm,exp01,motion01_canonical,motion01,seg3,40.0,44.700001,11.94678307,9.63236332,0.79766285,0.17745420,-0.99435300,-0.84516323,8.02120972,3.90955877,8.79756069,8.76261806,0.72420597,-0.01921528,-0.25654101,-0.13351181,-0.21442600,-0.11530552
canonical,arm,exp01,motion01_canonical,motion01,seg3,40.0,44.724998,10.28267574,9.71096230,1.20803225,0.18837957,-0.75095499,-0.70041353,5.95294189,3.81197906,8.35056782,8.90398979,-1.18953705,-0.03712557,-0.15600100,-0.13427830,0.14144699,-0.12679863
canonical,arm,exp01,motion01_canonical,motion01,seg3,40.0,44.750000,8.09797096,9.57264042,0.21057476,0.16250631,-1.09439397,-0.60343307,2.09253001,3.51310205,7.74601603,8.88422394,-0.12494400,0.02222542,-0.14039400,-0.11483602,-0.09497500,-0.11281411
canonical,arm,exp01,motion01_canonical,motion01,seg3,40.0,44.775002,10.20491505,9.69243050,1.08806956,0.11873407,-0.73257899,-0.72129351,5.57019806,3.58074665,8.51918507,8.97781754,1.05444503,0.00594662,-0.07969600,-0.07148268,-0.25630000,-0.09461841
canonical,arm,exp01,motion01_canonical,motion01,seg3,40.0,44.799999,11.49682617,9.72497940,0.38103056,0.10614467,-1.10443401,-0.73542035,7.19193077,3.64016938,8.90131187,8.98796654,-0.37762499,0.00554222,0.01131200,-0.06174324,-0.04955500,-0.08616116
canonical,arm,exp01,motion01_canonical,motion01,seg3,40.0,44.825001,8.77186012,9.68114376,0.75749934,0.09545289,-0.87272298,-0.47577035,3.37406492,3.50714183,8.04981804,9.01100159,-0.68955600,-0.00037126,-0.26124799,-0.07796438,0.17339900,-0.05506970
canonical,arm,exp01,motion01_canonical,motion01,seg3,40.0,44.849998,9.13557720,9.61210442,0.53725898,0.06085910,-0.27375200,-0.46960959,3.61925292,3.13655615,8.38360500,9.07381058,0.50281298,-0.01754272,0.01194600,-0.05677569,-0.18890101,-0.01313789
canonical,arm,exp01,motion01_canonical,motion01,seg3,40.0,44.875000,10.74091816,9.88303566,0.39661559,0.03701936,-1.34050500,-0.79682857,6.18440485,3.79431415,8.67891121,9.09079933,0.38334101,-0.01191594,0.10104400,-0.03504810,-0.01198800,-0.00027332
canonical,arm,exp01,motion01_canonical,motion01,seg3,40.0,44.900002,10.53572750,9.95694447,0.31132185,0.05136082,-1.31161106,-0.90350193,6.07122803,4.03282976,8.51007748,9.05873680,-0.27636999,-0.00333188,-0.14283299,-0.02757893,-0.01181800,-0.04319994
canonical,arm,exp01,motion01_canonical,motion01,seg3,40.0,44.924999,9.60878468,9.72189426,0.34640414,0.07174910,-0.72801298,-0.66672993,4.48954582,3.39411235,8.46420193,9.08574200,-0.34345701,-0.03714132,-0.04328700,-0.02015409,0.01262300,-0.05798507
canonical,arm,exp01,motion01_canonical,motion01,seg3,40.0,44.950001,9.26465893,9.64395332,0.15662998,0.04435708,-0.93287301,-0.53721404,4.09639406,3.45259166,8.25731277,8.98870659,0.13921700,-0.00312433,-0.02133900,-0.01835330,-0.06852900,-0.04026097
canonical,arm,exp01,motion01_canonical,motion01,seg3,40.0,44.974998,10.12648678,9.70760059,0.31309804,0.04473977,-0.82718599,-0.82612938,5.51019812,3.63431406,8.45572090,8.96363735,0.29903400,0.01812566,0.02013900,-0.01404553,-0.09057300,-0.03841654
canonical,arm,exp01,motion01_canonical,motion01,seg3,40.0,45.000000,10.23598671,9.69751167,0.18366925,0.05247815,-1.44330502,-0.84218752,5.62825394,3.73090529,8.42704296,8.91138554,-0.18196499,-0.01759532,0.00834900,-0.01645505,-0.02352500,-0.04662180
canonical,arm,exp01,motion01_canonical,motion01,seg3,40.0,45.025002,9.68775654,10.03274345,0.12240855,0.08408503,-0.89190602,-0.75252676,4.98273182,4.16449022,8.26011658,9.09651947,0.05119600,-0.01425109,-0.10246800,0.01394202,-0.04316400,-0.08168732
canonical,arm,exp01,motion01_canonical,motion01,seg3,40.0,45.049999,10.45516586,9.79341984,0.28202388,0.13147181,-0.86637300,-0.66625696,6.06347179,3.80539536,8.47314644,8.99923038,0.13239600,-0.04716253,0.10120300,0.04197339,-0.22752300,-0.11532028
canonical,arm,exp01,motion01_canonical,motion01,seg3,40.0,45.075001,9.48768902,9.28795147,0.75528806,0.05874626,-1.13138998,-0.80693221,4.42882586,2.96194625,8.31394672,8.76594448,-0.75009102,0.00879207,-0.01677500,0.00507735,0.08684500,-0.05786227
canonical,arm,exp01,motion01_canonical,motion01,seg3,40.0,45.099998,8.62736416,9.68994617,0.31477115,0.03237755,-1.21457899,-0.86449111,3.05554795,3.57056928,7.97620392,8.96653461,0.31227800,-0.02685970,-0.03709900,-0.01020647,-0.01367400,-0.01492281
canonical,arm,exp01,motion01_canonical,motion01,seg3,40.0,45.125000,10.88986015,9.95344830,0.79635108,0.04977570,-1.00651205,-0.93125600,6.49979210,3.93531108,8.67920971,9.09490108,0.74906301,0.02739489,0.10182300,0.02757558,-0.25042301,-0.03109225
canonical,arm,exp01,motion01_canonical,motion01,seg3,40.0,45.150002,10.74806976,9.40935135,0.93828052,0.05768234,-1.32901394,-0.91029322,5.84978008,2.85858703,8.91822815,8.91828156,-0.91818500,0.05428483,-0.02781400,0.01925925,0.19113600,0.00308070
canonical,arm,exp01,motion01_canonical,motion01,seg3,40.0,45.174999,7.72130775,9.67475891,0.14260334,0.04878983,-1.15061998,-0.85708779,2.04047108,3.87508965,7.35738707,8.82326698,-0.00483100,0.01347480,-0.05258200,-0.01819091,0.13246700,0.04321999
canonical,arm,exp01,motion01_canonical,motion01,seg3,40.0,45.200001,10.67703915,9.83140469,1.18660533,0.02266295,-1.11054802,-0.98882753,6.35747099,3.90043783,8.50578690,8.97024632,1.14349902,0.01175934,0.09362900,-0.00405261,-0.30278000,0.01894475
canonical,arm,exp01,motion01_canonical,motion01,seg3,40.0,45.224998,11.53530979,9.66625690,0.63424540,0.01905083,-1.51424599,-1.09851933,7.40889502,3.79413247,8.71083832,8.82237720,-0.61043400,-0.01575493,0.02383200,0.01052885,0.17049800,-0.00196459
canonical,arm,exp01,motion01_canonical,motion01,seg3,40.0,45.250000,8.56544590,9.72593975,0.69507402,0.03358931,-1.38297105,-1.02759838,3.23750710,3.75337315,7.80850792,8.91348076,-0.68161500,-0.03043276,-0.09024000,0.01390122,0.10191000,-0.00297405
canonical,arm,exp01,motion01_canonical,motion01,seg3,40.0,45.275002,9.14617729,9.44536400,0.58070838,0.04920395,-0.97153401,-0.95802701,3.83131790,3.11587834,8.24801064,8.86500931,0.56327897,0.03356926,0.08942300,0.01727176,-0.10928200,0.03155662
canonical,arm,exp01,motion01_canonical,motion01,seg3,40.0,45.299999,10.32356739,9.40677166,0.19375145,0.09244407,-1.42925298,-0.92562431,5.75121021,3.35914087,8.45321655,8.73766232,0.17156699,0.03481579,0.01137400,-0.00878524,0.08930300,0.08518559
canonical,arm,exp01,motion01_canonical,motion01,seg3,40.0,45.325001,9.29123974,9.69900703,0.34534609,0.11185404,-1.11173105,-0.95912039,4.68235397,3.84702063,7.94775105,8.85162449,-0.28956300,0.01417387,-0.06245800,-0.03760468,0.17752799,0.10438541
canonical,arm,exp01,motion01_canonical,motion01,seg3,40.0,45.349998,10.00552559,9.90350056,0.41313064,0.07886309,-1.15617096,-0.77485687,5.15847492,3.84571123,8.49493694,9.09337234,0.41302401,0.03309463,0.00602100,-0.02034092,-0.00719900,0.06863221
canonical,arm,exp01,motion01_canonical,motion01,seg3,40.0,45.375000,10.42836189,9.90943527,0.07103611,0.09301248,-1.01336300,-0.90869194,6.05251122,3.95382309,8.43154430,9.04093361,0.02811500,0.06917019,0.02910500,-0.01575216,0.05838300,0.06015542
canonical,arm,exp01,motion01_canonical,motion01,seg3,40.0,45.400002,9.71616936,9.71122169,0.27167892,0.07594362,-1.38952696,-0.77955991,5.00613880,3.83598804,8.21046543,8.88736820,-0.22903401,0.02467948,-0.06620900,-0.04252096,0.13026600,0.05788198
canonical,arm,exp01,motion01_canonical,motion01,seg3,40.0,45.424999,9.54531860,9.71522808,0.16313140,0.08482815,-0.71817797,-0.76571602,4.90326309,3.74661136,8.15814590,8.93097019,0.13847400,-0.02065456,-0.08289800,-0.05999485,0.02376400,0.05630119
canonical,arm,exp01,motion01_canonical,motion01,seg3,40.0,45.450001,9.91823101,9.63372612,0.07392605,0.10091994,-1.27140903,-0.81581134,5.37609386,3.75190496,8.23725986,8.83551598,0.02180600,0.03015559,0.02341800,-0.07902484,0.06664200,0.05505043
canonical,arm,exp01,motion01_canonical,motion01,seg3,40.0,45.474998,9.75419140,9.69856548,0.18342073,0.09857661,-1.16223598,-0.82857090,5.34465790,3.95691133,8.07639027,8.81581020,0.08172600,0.02539657,-0.15651999,-0.09003966,0.04965400,0.03106801
canonical,arm,exp01,motion01_canonical,motion01,seg3,40.0,45.500000,9.80660152,9.57532597,0.11187903,0.10460024,-0.84214002,-0.69961107,5.36563206,3.73963547,8.16518402,8.78706646,-0.05622100,0.01132083,-0.08903100,-0.10206793,0.03781000,0.01987932
canonical,arm,exp01,motion01_canonical,motion01,seg3,40.0,45.525002,9.67967892,9.75173092,0.11294800,0.10735445,-1.05691195,-0.66408390,4.91438007,3.79752612,8.27212143,8.95734596,-0.05486400,-0.00134961,-0.08438200,-0.10535305,0.05125300,0.02058861
canonical,arm,exp01,motion01_canonical,motion01,seg3,40.0,45.549999,9.71005821,9.56573677,0.16736685,0.12624243,-0.86281902,-0.66241074,5.11912298,3.59831667,8.20581245,8.83836174,0.07658400,0.02087290,-0.14530399,-0.12014200,0.03214500,0.03267066
canonical,arm,exp01,motion01_canonical,motion01,seg3,40.0,45.575001,9.51159763,9.65351868,0.14488056,0.16990671,-0.94956303,-0.65028518,4.91557598,3.81394076,8.08739376,8.84428692,0.04291800,0.06929225,-0.09483900,-0.14737809,0.10076700,0.04844144
canonical,arm,exp01,motion01_canonical,motion01,seg3,40.0,45.599998,10.12763500,9.93187618,0.32016724,0.14127885,-0.87247401,-0.54658222,5.52641201,4.01312780,8.44195271,9.06852913,0.26414701,0.02767501,-0.18069400,-0.13472189,0.00911600,0.03230819
canonical,arm,exp01,motion01_canonical,motion01,seg3,40.0,45.625000,10.27188492,9.96623802,0.10053234,0.11223903,-0.57335597,-0.42782348,6.01934004,4.21026850,8.30363941,9.02310944,0.01023200,0.02741340,-0.09580500,-0.10883261,0.02869600,-0.00125247
canonical,arm,exp01,motion01_canonical,motion01,seg3,40.0,45.650002,10.21528149,9.80986881,0.14531340,0.12907782,-0.83522201,-0.41054353,5.83585405,3.99102521,8.34249306,8.95191002,-0.08908900,-0.05529450,-0.11095100,-0.10852985,-0.02947900,-0.04271856
canonical,arm,exp01,motion01_canonical,motion01,seg3,40.0,45.674999,9.64659882,9.54701996,0.52305889,0.12767963,-0.54960299,-0.45177609,4.59578514,3.22351122,8.46366119,8.97499084,-0.50107002,-0.04385124,-0.13855900,-0.11916295,0.05762700,-0.01339213
canonical,arm,exp01,motion01_canonical,motion01,seg3,40.0,45.700001,8.50582600,10.04811668,0.42572039,0.14615487,-0.57915097,0.38440055,3.59463310,4.43197870,7.68715000,9.00968647,0.33667701,0.07391013,-0.24551199,-0.12556355,0.08723700,0.01150362
canonical,arm,exp01,motion01_canonical,motion01,seg3,40.0,45.724998,12.39108181,9.93613911,1.23741221,0.25899175,0.12169500,-0.13673092,8.99255562,4.56736231,8.52396870,8.82311535,1.15879405,-0.19506225,-0.09297000,-0.12393031,-0.42396000,-0.11691331
canonical,arm,exp01,motion01_canonical,motion01,seg3,40.0,45.750000,11.48978901,9.78271103,2.38596725,0.12281331,-0.57857901,-0.45847136,6.05310011,2.27186561,9.74887085,9.50420284,-2.36405897,0.03424430,0.17044701,-0.09434791,0.27388400,-0.07077365
canonical,arm,exp01,motion01_canonical,motion01,seg3,40.0,45.775002,7.63085365,10.00599766,0.44635051,0.10267095,-1.10186303,-0.72843683,-2.02737403,3.70147610,7.27362204,9.26760197,-0.08166900,-0.06559371,-0.27491799,0.04374655,0.34202200,0.06576493
canonical,arm,exp01,motion01_canonical,motion01,seg3,40.0,45.799999,10.82508755,10.04467869,2.67701387,0.12971514,-0.22650699,-0.45992252,6.68054104,4.28373766,8.51478577,9.07378864,2.57369804,0.11866383,0.18884300,0.00403492,-0.71191299,0.05223631
canonical,arm,exp01,motion01_canonical,motion01,seg3,40.0,45.825001,15.04249191,9.64396954,0.38942307,0.09782124,-0.60599899,0.65355438,12.16733074,4.33503485,8.82413769,8.58990574,-0.04642600,0.02118307,-0.29129699,-0.04915961,0.25424600,-0.08187556
canonical,arm,exp01,motion01_canonical,motion01,seg3,40.0,45.849998,9.47704029,9.94415951,2.72847795,0.16762318,0.65775102,-0.66236395,3.74091196,3.00628448,8.68258190,9.45567799,-2.72048306,-0.13309944,0.18635300,0.02674554,0.09400000,-0.09831960
canonical,arm,exp01,motion01_canonical,motion01,seg3,40.0,45.875000,9.47441578,9.60284805,0.58897614,0.11822148,-3.21371102,-1.72629333,-2.56914401,1.55398989,8.53440762,9.31770992,-0.29756999,0.01351442,0.45955601,0.03184539,0.21714801,0.11304667
canonical,arm,exp01,motion01_canonical,motion01,seg3,40.0,45.900002,11.50654984,13.78734875,4.99622297,0.28970203,-1.29618394,0.05108266,8.22173405,8.62676144,7.94504118,10.75487518,4.92516804,-0.07730825,-0.58501399,0.27170661,-0.60226500,-0.06423566
canonical,arm,exp01,motion01_canonical,motion01,seg3,40.0,45.924999,22.73254585,10.16956425,1.35953224,0.69644463,2.85362196,-0.34062728,18.69884872,3.10223961,12.60867119,9.67884922,-0.82570601,-0.13190508,0.74414003,0.60644573,-0.78281099,-0.31600589
canonical,arm,exp01,motion01_canonical,motion01,seg3,40.0,45.950001,7.08933306,9.23258018,6.23604107,0.69895297,-3.87980294,-1.37586856,1.39320302,3.24249172,5.76756096,8.53427029,-6.03500414,-0.24293660,1.35835302,0.61341757,0.78855002,-0.23072927
canonical,arm,exp01,motion01_canonical,motion01,seg3,40.0,45.974998,7.95691013,10.08725262,2.18195415,0.67598629,-1.72320700,-0.51149714,-5.22669888,4.67472315,5.74670315,8.92401314,1.98098302,-0.33264476,-0.62221700,0.53844786,-0.67043000,-0.23744233
canonical,arm,exp01,motion01_canonical,motion01,seg3,40.0,46.000000,15.55471134,9.87428856,4.16080856,0.57083601,1.10268903,-1.45442545,12.46764183,3.85869002,9.23531342,8.97199726,3.77574205,-0.02814431,1.25666106,0.49014065,-1.21527898,-0.29124522
canonical,arm,exp01,motion01_canonical,motion01,seg3,40.0,46.025002,15.21624565,9.81564522,2.98753953,0.49406713,-4.60634613,-0.84201849,11.18159676,4.07470226,9.23512745,8.89014626,-2.96222305,-0.06748605,0.36676899,0.40048707,0.12691601,-0.28135049
canonical,arm,exp01,motion01_canonical,motion01,seg3,40.0,46.049999,6.07479382,8.96285725,2.70189333,0.38241953,0.57134902,-0.94741333,-1.42490494,3.03769922,5.87761211,8.37899780,-2.57717109,-0.15579104,-0.76277602,0.23908512,0.27674800,-0.25458232
canonical,arm,exp01,motion01_canonical,motion01,seg3,40.0,46.075001,6.09045649,8.28700829,2.36796331,0.15308537,-1.58116698,-1.61985934,-0.52418900,2.29220748,5.85822487,7.79720068,1.91276097,0.05437201,1.21431601,0.05516371,-0.68849999,-0.13204460
canonical,arm,exp01,motion01_canonical,motion01,seg3,40.0,46.099998,13.10026360,9.33341789,1.97017324,0.15607974,-3.62846088,-1.23939693,8.58582401,3.34676123,9.20515156,8.62413883,1.86918104,0.12706147,-0.57415801,-0.03962352,-0.24101301,-0.08152448
canonical,arm,exp01,motion01_canonical,motion01,seg3,40.0,46.125000,11.51540661,9.43750000,2.00284386,0.05226146,0.49596599,-1.55745721,6.92801189,2.65843415,9.18483829,8.92039585,-1.95017898,0.00689449,-0.23448400,-0.03534253,0.39141101,-0.03787653
canonical,arm,exp01,motion01_canonical,motion01,seg3,40.0,46.150002,7.41261625,9.15014458,1.19887674,0.14297105,-2.82294798,-1.34801888,-1.53295696,2.57050300,6.68041086,8.67758656,-1.09395397,0.09818872,0.47644800,-0.07360902,0.11647900,0.07335810
canonical,arm,exp01,motion01_canonical,motion01,seg3,40.0,46.174999,8.79117775,8.64312172,2.46666861,0.25932956,-1.57457805,-0.72088957,3.50382805,2.42026138,7.90750980,8.26596642,2.31250596,-0.10342463,-0.85472798,-0.19269291,-0.07880600,0.13937218
canonical,arm,exp01,motion01_canonical,motion01,seg3,40.0,46.200001,12.42750359,9.62796593,0.47502917,0.26131234,0.94721699,-0.92264301,7.98903608,2.77678871,9.47211266,9.17256260,-0.35875401,0.01401983,0.24077301,-0.14683257,0.19742499,0.21570300
canonical,arm,exp01,motion01_canonical,motion01,seg3,40.0,46.224998,9.34069252,10.12640762,0.86496574,0.23496215,-3.45213509,-1.23183072,3.15023804,4.27237940,8.08747768,9.09799480,-0.71316600,0.14568992,0.22348000,-0.04997823,0.43544999,0.17743686
canonical,arm,exp01,motion01_canonical,motion01,seg3,40.0,46.250000,9.40199852,9.71022892,1.25751603,0.21523279,-0.60887802,-1.28803813,4.76296520,3.63112211,8.08337879,8.91316223,1.15693498,0.18495864,-0.46786901,-0.00626002,-0.15474699,0.10989208
canonical,arm,exp01,motion01_canonical,motion01,seg3,40.0,46.275002,11.08413506,9.69501781,0.56656218,0.28697640,-1.34310305,-1.25252366,6.64119196,3.46595073,8.77204037,8.96725941,0.02441600,0.25592890,0.52152699,-0.01614324,0.22001401,0.12882252
canonical,arm,exp01,motion01_canonical,motion01,seg3,40.0,46.299999,9.37594509,9.78663635,0.42894015,0.16296293,-2.50934100,-1.15812683,4.41156101,4.04975557,7.88350677,8.83382607,-0.23509100,0.07421745,-0.32363501,-0.05489260,0.15486200,0.13429628
canonical,arm,exp01,motion01_canonical,motion01,seg3,40.0,46.325001,9.78028679,10.03078938,0.53998208,0.13362639,-0.26793501,-1.08332229,5.34173679,4.00983238,8.18828869,9.13041019,0.51160800,0.03459270,-0.10308500,-0.08003103,0.13860500,0.10126396
canonical,arm,exp01,motion01_canonical,motion01,seg3,40.0,46.349998,10.96402550,9.99419594,0.21407147,0.15021509,-1.86917806,-0.90115571,6.29917908,3.91353130,8.77703667,9.15183830,0.02118200,0.10999328,0.20145200,-0.06399472,-0.06924600,0.07981683
canonical,arm,exp01,motion01_canonical,motion01,seg3,40.0,46.375000,9.37736702,9.51850510,0.60449648,0.16090737,-1.19345200,-1.03541338,4.81234789,3.61737084,7.95939684,8.74325371,-0.32800099,0.08330768,-0.37244400,-0.10341525,0.34513301,0.09086417
canonical,arm,exp01,motion01_canonical,motion01,seg3,40.0,46.400002,9.17245197,9.75795841,0.18438937,0.18216480,-0.96244103,-1.00245702,4.06708717,3.67315269,8.16494846,8.98447418,0.16291600,0.04031357,0.08596300,-0.12989171,0.00825700,0.12118982
canonical,arm,exp01,motion01_canonical,motion01,seg3,40.0,46.424999,10.75112629,9.90590096,0.44413251,0.15437347,-1.70280302,-0.95925850,5.87179184,3.70115304,8.84359837,9.13827991,0.41905800,0.00607146,-0.10083600,-0.08671790,0.10712700,0.12757081
canonical,arm,exp01,motion01_canonical,motion01,seg3,40.0,46.450001,9.90673256,9.65532875,0.42018169,0.16167384,-0.84100902,-0.99023241,5.66977119,3.88092375,8.08020687,8.78539944,-0.31785300,0.01079705,-0.15241501,-0.08286759,0.22867399,0.13840093
canonical,arm,exp01,motion01_canonical,motion01,seg3,40.0,46.474998,9.31494808,9.92420578,0.17035542,0.14803445,-1.57891405,-0.88205135,4.93861103,4.47093201,7.73856592,8.81604290,0.12725300,-0.07261405,0.08558000,-0.08231116,0.07418700,0.09932911
canonical,arm,exp01,motion01_canonical,motion01,seg3,40.0,46.500000,10.67685795,9.74925041,0.23511384,0.09235851,-0.97885698,-0.91469920,6.35146189,3.86378074,8.52619934,8.90406704,0.05932300,-0.02830371,-0.22718300,-0.07202489,0.01213200,0.05041240
canonical,arm,exp01,motion01_canonical,motion01,seg3,40.0,46.525002,10.06618214,9.93030834,0.33712152,0.09891529,-1.10934997,-0.92209291,5.56806898,4.07060194,8.31227875,9.01060295,-0.30005601,-0.09116617,0.10130400,-0.03629328,0.11556300,0.01248046
canonical,arm,exp01,motion01_canonical,motion01,seg3,40.0,46.549999,9.56788349,9.74157906,0.17665190,0.07481743,-1.37200999,-0.75910813,5.04709911,4.06666565,8.01179028,8.81954288,-0.05668100,-0.06207470,-0.14192300,-0.03994640,-0.08860600,-0.01219277
canonical,arm,exp01,motion01_canonical,motion01,seg3,40.0,46.575001,10.04053783,9.60076237,0.11095885,0.04338453,-0.51609302,-0.66326696,5.34105778,3.42352414,8.48641014,8.94506550,-0.03898000,-0.02147122,-0.07398900,-0.03434215,0.07292500,-0.01555058
canonical,arm,exp01,motion01_canonical,motion01,seg3,40.0,46.599998,9.36285496,9.57466793,0.29002401,0.05428495,-1.17849505,-0.76144809,4.33377981,3.46248889,8.21538544,8.89413452,-0.27773800,-0.00679671,0.08339000,-0.04309995,-0.00465100,0.03229636
canonical,arm,exp01,motion01_canonical,motion01,seg3,40.0,46.625000,9.37958241,9.75270271,0.41734549,0.07639661,-1.25171697,-0.80324781,4.68351793,3.88814116,8.02959728,8.90799427,0.37879401,-0.01349782,-0.15218700,-0.06242728,0.08678400,0.04191759
canonical,arm,exp01,motion01_canonical,motion01,seg3,40.0,46.650002,10.51465416,9.55542564,0.08529123,0.09770294,-0.79504102,-0.88367367,6.10397387,3.45958114,8.52451611,8.86321545,-0.06367300,-0.05240276,0.00161800,-0.06752148,-0.05672500,0.04733566
canonical,arm,exp01,motion01_canonical,motion01,seg3,40.0,46.674999,9.52237892,9.71739292,0.42753503,0.09716499,-1.46948397,-0.81404501,4.65909004,3.79182410,8.17368984,8.90994549,-0.35981500,-0.06273922,-0.06203800,-0.06216769,0.22242001,0.04049696
canonical,arm,exp01,motion01_canonical,motion01,seg3,40.0,46.700001,9.62752628,9.86125660,0.35677373,0.05998569,-0.80921102,-0.75247175,4.94339609,3.95887613,8.22175598,9.00030327,0.30542201,-0.02624214,-0.13648500,-0.05358930,-0.12400300,0.00614978
canonical,arm,exp01,motion01_canonical,motion01,seg3,40.0,46.724998,10.70519066,10.04685879,0.21068272,0.04997127,-0.94675100,-0.73612571,6.36069298,4.13238764,8.55840778,9.12802601,0.19701999,0.01518750,0.07451200,-0.03646000,-0.00427700,-0.03061268
canonical,arm,exp01,motion01_canonical,motion01,seg3,40.0,46.750000,10.14372540,9.59735584,0.48511630,0.07735963,-1.22467601,-0.65945113,5.63432217,3.67155623,8.34564304,8.84273911,-0.46658599,-0.05495513,-0.13032700,-0.03767887,-0.02549900,-0.03930330
canonical,arm,exp01,motion01_canonical,motion01,seg3,40.0,46.775002,9.64311123,9.98237896,0.09796969,0.18607275,-0.52987498,-0.61890119,4.57683277,3.84290314,8.47121143,9.19222260,-0.08411000,-0.18055701,-0.03368700,-0.00115805,0.03726600,-0.04495437
canonical,arm,exp01,motion01_canonical,motion01,seg3,40.0,46.799999,9.74344349,9.91274452,0.17782508,0.05024859,-1.03032696,-0.62500429,4.83769321,3.79940128,8.39463234,9.13435459,-0.02455800,0.02787325,0.10257200,0.02895648,-0.14317000,-0.03015834
canonical,arm,exp01,motion01_canonical,motion01,seg3,40.0,46.825001,10.31490517,9.65365982,0.23956996,0.06226246,-0.99322098,-0.66139573,5.80840302,3.63751650,8.46600533,8.91763306,0.23444501,-0.02990437,-0.04927600,0.02896550,-0.00108700,-0.04629625
canonical,arm,exp01,motion01_canonical,motion01,seg3,40.0,46.849998,9.68379593,9.59015179,0.43659851,0.03882229,-0.83926398,-0.88945889,4.94699621,3.44850540,8.28243732,8.90436363,-0.42511299,0.01836399,0.09127000,0.01461378,-0.03958500,-0.03092525
canonical,arm,exp01,motion01_canonical,motion01,seg3,40.0,46.875000,9.38180351,9.70294380,0.05762227,0.04464190,-1.67228103,-0.99621272,3.91123605,3.39370298,8.36205387,9.03534508,0.01193300,-0.03626699,0.04132300,0.02388009,0.03834500,-0.01036078
canonical,arm,exp01,motion01_canonical,motion01,seg3,40.0,46.900002,9.73861885,9.63403511,0.30284911,0.01365897,-0.95124799,-0.93171906,5.08471584,3.55485082,8.25115013,8.90559196,0.27888799,-0.00399346,-0.07336400,0.00462839,-0.09250300,0.01221465
canonical,arm,exp01,motion01_canonical,motion01,seg3,40.0,46.924999,10.17115688,9.68490601,0.11157423,0.02649424,-1.11091006,-0.75183845,5.55384016,3.58902359,8.44826412,8.96387482,-0.06437200,0.01462964,0.04394800,-0.01685964,0.07983500,0.01427133
canonical,arm,exp01,motion01_canonical,motion01,seg3,40.0,46.950001,9.46055794,9.82011318,0.14617573,0.06023372,-0.95927298,-0.63609701,4.66629219,3.83123255,8.17359543,9.01951504,-0.09409400,0.04244248,-0.11114500,-0.03959165,0.01266700,0.01610088
canonical,arm,exp01,motion01_canonical,motion01,seg3,40.0,46.974998,9.89457989,9.91321182,0.37700275,0.06543989,-0.86719298,-0.68576330,5.41875982,4.05091143,8.23333073,9.02173042,0.37685099,0.00510751,-0.01064900,-0.06465238,-0.00100600,0.00873851
canonical,arm,exp01,motion01_canonical,motion01,seg3,40.0,47.000000,10.76277828,9.87013531,0.14723121,0.06253959,-1.12913704,-0.71596682,6.16112900,3.74924922,8.75231075,9.10220242,-0.13500600,-0.00039954,-0.03979400,-0.06248996,-0.04320700,0.00245884
canonical,arm,exp01,motion01_canonical,motion01,seg3,40.0,47.025002,9.46971226,9.85220528,0.37966278,0.05406786,-0.89287400,-0.67286259,4.55481195,3.75757360,8.25420570,9.08261204,-0.30722901,0.00566414,-0.12995000,-0.05259249,0.18129300,0.01119294
canonical,arm,exp01,motion01_canonical,motion01,seg3,40.0,47.049999,9.47220135,9.65939331,0.30654562,0.06166384,-0.87670100,-0.67905384,4.73398685,3.66798949,8.15741158,8.91002941,0.27696601,-0.01235496,0.00318000,-0.05999668,-0.13133900,0.00708399
canonical,arm,exp01,motion01_canonical,motion01,seg3,40.0,47.075001,10.33195114,9.67208290,0.11012451,0.06462335,-1.01887596,-0.62421644,5.73322487,3.58774972,8.53470802,8.96033382,0.02164000,-0.01538867,-0.08030400,-0.06217870,0.07218300,0.00855421
canonical,arm,exp01,motion01_canonical,motion01,seg3,40.0,47.099998,9.82972813,9.75682259,0.31819612,0.05890011,-0.72594702,-0.61871815,4.88745785,3.54514313,8.49760628,9.06888866,-0.30573899,-0.03332907,-0.07954200,-0.04666078,0.03802000,0.01345986
canonical,arm,exp01,motion01_canonical,motion01,seg3,40.0,47.125000,9.39811420,9.64945507,0.06760692,0.03981473,-0.90395701,-0.67317563,4.28549290,3.41290140,8.31516457,9.00060749,0.03347000,0.00207943,0.04434100,-0.02517759,0.03852700,0.03077300
canonical,arm,exp01,motion01_canonical,motion01,seg3,40.0,47.150002,9.83698845,9.62154579,0.22270297,0.06494007,-1.08306396,-0.73469830,5.02008295,3.53454590,8.38999844,8.91859531,0.21832800,0.03007202,-0.04322200,-0.02706553,0.00783300,0.05079708
canonical,arm,exp01,motion01_canonical,motion01,seg3,40.0,47.174999,9.99621391,9.76807594,0.08037110,0.05107676,-0.88517302,-0.71063429,5.44532681,3.85915422,8.33601665,8.94523525,0.04264100,-0.00214161,0.00049300,-0.01275609,0.06812500,0.04941185
canonical,arm,exp01,motion01_canonical,motion01,seg3,40.0,47.200001,10.14220810,9.98228836,0.07551906,0.03400133,-0.97826600,-0.57759482,5.70930719,4.20137930,8.32533455,9.03664112,0.07098700,-0.02984477,-0.00112800,0.01611326,-0.02574300,0.00239644
canonical,arm,exp01,motion01_canonical,motion01,seg3,40.0,47.224998,10.46450329,9.86757088,0.11487544,0.08492485,-0.62447703,-0.48427078,6.05742121,3.89412332,8.51019955,9.05374146,-0.10122700,-0.06472012,0.00852300,0.03778524,-0.05363600,-0.03994763
canonical,arm,exp01,motion01_canonical,motion01,seg3,40.0,47.250000,9.59905243,9.64370346,0.48329061,0.07161698,-0.93617702,-0.67118508,4.72088480,3.49618959,8.30533791,8.96254349,-0.47519299,-0.06377424,0.07847900,0.02489464,0.04003100,-0.02102607
canonical,arm,exp01,motion01_canonical,motion01,seg3,40.0,47.275002,9.18652248,9.68298054,0.08294535,0.06826185,-1.12084997,-0.68438172,3.99968195,3.55941081,8.19380474,8.97899437,0.07619000,-0.06735040,-0.03216800,0.00465639,-0.00634300,0.01009570
canonical,arm,exp01,motion01_canonical,motion01,seg3,40.0,47.299999,10.40217113,9.77272415,0.27814645,0.07865082,-0.69035602,-0.64450026,5.66538620,3.54689121,8.69666386,9.08351898,0.27142599,-0.07461380,0.01142800,0.02114422,-0.05968900,0.01310164
canonical,arm,exp01,motion01_canonical,motion01,seg3,40.0,47.325001,10.03439140,9.54768658,0.56223816,0.09060647,-1.03338397,-0.70528442,5.20489407,3.29472542,8.51646614,8.93340302,-0.54850298,-0.08001374,0.08945100,0.02890881,0.08517500,0.03117071
canonical,arm,exp01,motion01_canonical,motion01,seg3,40.0,47.349998,8.99164104,9.61571026,0.13110597,0.06612264,-1.08288801,-0.69229603,3.61332703,3.43797016,8.16215801,8.95337772,-0.08063300,-0.03105883,-0.03551900,0.02806825,0.09708500,0.05118325
canonical,arm,exp01,motion01_canonical,motion01,seg3,40.0,47.375000,9.91883945,9.70118332,0.46619576,0.08985285,-0.60588199,-0.60262793,5.00029182,3.46713305,8.54478645,9.04039764,0.45631000,0.03702220,0.07503300,0.04475623,-0.05907400,0.06855488
canonical,arm,exp01,motion01_canonical,motion01,seg3,40.0,47.400002,10.20213223,9.51310349,0.21357545,0.11298985,-1.01849198,-0.60863417,5.63284206,3.41632724,8.44495583,8.85761833,-0.13344200,0.04631557,0.09320800,0.03811383,0.13827500,0.09575442
canonical,arm,exp01,motion01_canonical,motion01,seg3,40.0,47.424999,9.05517292,9.50613308,0.27838936,0.12578297,-1.05951703,-0.78556484,4.13530588,3.56951427,7.98578882,8.77542114,-0.21847200,0.02586992,0.00589200,0.00634801,0.17244101,0.12293009
canonical,arm,exp01,motion01_canonical,motion01,seg3,40.0,47.450001,9.74205780,9.81112957,0.52597338,0.11301389,-0.96326101,-0.70745426,4.95379496,3.87558627,8.33305073,8.98541069,0.52263999,0.03083349,0.05568000,0.03277043,0.01987900,0.10367032
canonical,arm,exp01,motion01_canonical,motion01,seg3,40.0,47.474998,10.97657108,9.84484196,0.13382182,0.11545838,-0.79984999,-0.57402450,6.58905411,3.87072349,8.74240875,9.03376484,0.09354500,0.02922037,0.09496200,0.09173012,0.01182500,0.06373690
canonical,arm,exp01,motion01_canonical,motion01,seg3,40.0,47.500000,9.57920742,9.57223225,0.64797068,0.12859508,-0.73556900,-0.53332794,4.75768185,3.43290091,8.28158283,8.91955090,-0.61800897,0.03539387,0.09239300,0.10460391,0.17144801,0.06589380
canonical,arm,exp01,motion01_canonical,motion01,seg3,40.0,47.525002,8.81894779,9.39366817,0.16962332,0.13461491,-0.97404498,-0.68959916,3.37124300,3.15325260,8.09072304,8.82170391,0.06773500,0.00126794,0.14101700,0.07536121,0.06556100,0.11153590
canonical,arm,exp01,motion01_canonical,motion01,seg3,40.0,47.549999,9.97881126,9.81130791,0.55013460,0.19592208,-1.14741004,-0.93204743,4.95630884,3.53943157,8.58458710,9.10304737,0.52709699,0.09718913,0.14299700,0.08660080,0.06609600,0.14642416
canonical,arm,exp01,motion01_canonical,motion01,seg3,40.0,47.575001,10.72898865,10.02001762,0.24395606,0.21578208,-1.22362101,-0.86731571,6.10621023,3.92261291,8.73659801,9.17941284,0.17231999,0.10913002,0.13170400,0.12533556,0.11168900,0.13763553
canonical,arm,exp01,motion01_canonical,motion01,seg3,40.0,47.599998,9.82316589,9.74953556,0.23722018,0.19442055,-0.84861499,-0.64943790,5.44529581,3.89372873,8.13161659,8.91462612,-0.16613500,0.07036363,0.10812900,0.13817127,0.13031000,0.11729028
canonical,arm,exp01,motion01_canonical,motion01,seg3,40.0,47.625000,9.04637814,9.49220181,0.24622831,0.19072734,-0.98693901,-0.72703886,4.31768179,3.60417938,7.88799906,8.75118256,-0.11154200,0.10528618,0.16747800,0.08617703,0.14190800,0.13366097
canonical,arm,exp01,motion01_canonical,motion01,seg3,40.0,47.650002,10.04698086,9.91569805,0.58518130,0.15286344,-1.23104703,-0.84789056,5.35542202,3.96857238,8.41105270,9.04724216,0.57517201,0.03981456,0.10024100,0.07371020,0.03957300,0.12786259
canonical,arm,exp01,motion01_canonical,motion01,seg3,40.0,47.674999,10.81205654,9.86678410,0.23674716,0.18246496,-1.10425997,-0.98248380,6.23985815,3.71785903,8.76044178,9.08656597,-0.14916401,0.08590525,0.15124100,0.09607496,0.10452500,0.12916405
canonical,arm,exp01,motion01_canonical,motion01,seg3,40.0,47.700001,9.10819530,9.80843449,0.28960359,0.18155143,-1.37767696,-0.86688691,4.42351913,4.08193922,7.84179306,8.87646675,-0.15289199,0.08447219,0.07500600,0.09447519,0.23424000,0.12999925
canonical,arm,exp01,motion01_canonical,motion01,seg3,40.0,47.724998,9.67089558,9.55296516,0.47947991,0.15672845,-0.85834098,-0.69356418,5.38024282,3.90268469,7.99014807,8.69178677,0.47293201,0.07775009,0.06277000,0.07104400,-0.04791900,0.11606669
canonical,arm,exp01,motion01_canonical,motion01,seg3,40.0,47.750000,10.44655037,9.66665363,0.30462033,0.17350356,-0.93355501,-0.75122082,5.81754208,3.54570293,8.62641811,8.96146488,-0.16556001,0.07979491,0.15054400,0.07053982,0.20668800,0.13696858
canonical,arm,exp01,motion01_canonical,motion01,seg3,40.0,47.775002,9.32040882,9.79089642,0.28537124,0.19724721,-1.26602805,-0.91329294,4.18588591,3.77158284,8.23076916,8.98903275,-0.19379400,0.03631561,0.11649700,0.10124914,0.17409500,0.16533679
canonical,arm,exp01,motion01_canonical,motion01,seg3,40.0,47.799999,9.50618839,9.85170174,0.74295127,0.18791179,-1.26318395,-0.95421898,5.46110582,4.54113150,7.67778015,8.69043255,0.72384697,0.06554987,0.16295600,0.10780641,0.03830800,0.13925457
canonical,arm,exp01,motion01_canonical,motion01,seg3,40.0,47.825001,11.59102821,9.76024437,0.12688987,0.12318391,-1.23905206,-0.86104327,7.80953217,4.20197392,8.47513390,8.76723385,0.07007500,-0.00712209,0.10263400,0.09834678,-0.02562800,0.07383402
canonical,arm,exp01,motion01_canonical,motion01,seg3,40.0,47.849998,9.44280338,9.67130280,1.06162739,0.12623926,-1.11049199,-0.91127479,4.76949310,3.77207017,8.07374001,8.85862064,-1.01912498,-0.04936741,0.08311100,0.08638829,0.28553399,0.07769344
canonical,arm,exp01,motion01_canonical,motion01,seg3,40.0,47.875000,8.54679012,9.75398254,0.34966430,0.11800928,-1.39656305,-0.94275105,3.32033992,3.94067836,7.75064993,8.87256718,0.33489799,-0.02949714,0.09782700,0.07989208,-0.02320200,0.08169066
canonical,arm,exp01,motion01_canonical,motion01,seg3,40.0,47.900002,10.81204987,9.83239460,0.74255341,0.09840106,-1.02220404,-0.79640138,6.81162214,4.14292812,8.33410645,8.88132191,0.73388600,0.03170569,0.07575900,0.06513353,-0.08400900,0.06659686
canonical,arm,exp01,motion01_canonical,motion01,seg3,40.0,47.924999,10.77346039,9.77453232,0.61697358,0.06141958,-1.12217700,-0.77105099,6.74754810,4.03280878,8.32338619,8.87036800,-0.59248197,-0.02315922,0.02716900,0.02424968,0.16995101,0.05145841
canonical,arm,exp01,motion01_canonical,motion01,seg3,40.0,47.950001,8.66622162,9.76591301,0.41212645,0.04447361,-1.14550698,-0.81169957,3.73686290,4.01751089,7.73479605,8.86418724,-0.39893600,-0.01968628,-0.01187100,-0.00988541,0.10274900,0.03863458
canonical,arm,exp01,motion01_canonical,motion01,seg3,40.0,47.974998,9.88915920,9.90226173,0.77329582,0.01999835,-1.12062299,-0.79842484,5.42690086,4.08118296,8.19075203,8.98672676,0.76202899,-0.00898049,-0.00772200,-0.01501437,-0.13129599,0.00968780
canonical,arm,exp01,motion01_canonical,motion01,seg3,40.0,48.000000,10.90114117,9.58722878,0.28372678,0.07206985,-1.09327805,-0.86634660,6.88995504,3.79564238,8.37664318,8.76113605,-0.28054699,-0.02274480,-0.02384900,-0.06601562,0.03500700,0.01785145
canonical,arm,exp01,motion01_canonical,motion01,seg3,40.0,48.025002,8.96292210,9.79950047,0.56237996,0.10589971,-1.31552601,-0.70084006,4.19734192,4.21596622,7.80933285,8.81842709,-0.49108800,-0.04069218,-0.18001600,-0.09554064,0.20663500,0.02075763
canonical,arm,exp01,motion01_canonical,motion01,seg3,40.0,48.049999,10.01514244,10.07247639,0.64592761,0.11550106,-0.64737397,-0.79400975,5.48806381,4.04262781,8.35255241,9.19138145,0.60988897,-0.08376793,-0.03561300,-0.07850263,-0.20973700,-0.01267937
canonical,arm,exp01,motion01_canonical,motion01,seg3,40.0,48.075001,10.89105415,9.61448860,0.27874652,0.12063216,-1.37364197,-0.64878166,6.76438999,3.90860319,8.42444038,8.76015377,-0.26373601,-0.06154572,-0.05803800,-0.10329893,0.06909800,-0.00967323
canonical,arm,exp01,motion01_canonical,motion01,seg3,40.0,48.099998,8.95780182,9.80341148,0.59812963,0.12302795,-0.62209898,-0.58517015,4.28856182,4.05936956,7.83986282,8.90426731,-0.50009102,-0.03295014,-0.29895100,-0.11774856,0.13526399,-0.01361772
canonical,arm,exp01,motion01_canonical,motion01,seg3,40.0,48.125000,9.65818787,9.77631378,0.48145640,0.10274525,-0.85456401,-0.65184665,4.86534977,3.81021547,8.29931831,8.97962475,0.44337201,-0.00413408,0.09254600,-0.09921287,-0.16326900,-0.02638752
canonical,arm,exp01,motion01_canonical,motion01,seg3,40.0,48.150002,10.82936668,9.81170464,0.22999929,0.09561772,-1.21118200,-0.62130833,6.51241112,3.96966815,8.56718826,8.95127106,0.13751499,-0.02888295,-0.18396100,-0.08336280,-0.01215100,-0.03686688
canonical,arm,exp01,motion01_canonical,motion01,seg3,40.0,48.174999,9.62069321,9.59995270,0.51431745,0.09400856,-0.46247101,-0.51266241,5.28549004,3.92874360,8.02542591,8.74421215,-0.49045700,-0.01047657,-0.13910900,-0.08517769,0.06799300,-0.03837464
canonical,arm,exp01,motion01_canonical,motion01,seg3,40.0,48.200001,9.38077545,9.84526157,0.20596550,0.08215363,-1.15023005,-0.68506873,4.42210817,3.95766330,8.19273281,8.98870182,0.17209101,-0.00333901,0.07480700,-0.06595974,-0.08491400,-0.04886084
canonical,arm,exp01,motion01_canonical,motion01,seg3,40.0,48.224998,10.46348667,9.76686001,0.32286534,0.05587590,-0.84081000,-0.60205096,5.96771812,3.79158640,8.55359173,8.98069954,0.23791499,-0.01995701,-0.20002900,-0.02688242,-0.08733200,-0.04473444
canonical,arm,exp01,motion01_canonical,motion01,seg3,40.0,48.250000,10.00866985,9.63983917,0.34408104,0.06331852,-0.74651402,-0.65260947,5.62388515,3.85636830,8.24549007,8.81073380,-0.32923299,-0.03946681,0.09730100,-0.01547021,0.02302000,-0.04703486
canonical,arm,exp01,motion01_canonical,motion01,seg3,40.0,48.275002,9.27590942,9.72654343,0.10088142,0.06603115,-1.26152003,-0.68201554,4.55177689,3.98766756,7.98325682,8.84528160,-0.01107700,0.00329351,-0.05967600,-0.00656156,-0.08058000,-0.06562173
canonical,arm,exp01,motion01_canonical,motion01,seg3,40.0,48.299999,10.22842979,9.70120430,0.27031076,0.07704134,-0.63924903,-0.65668440,5.68273020,3.65979671,8.48048973,8.96035767,0.24522901,-0.01151651,-0.03031000,0.01118444,-0.10959900,-0.07535017
canonical,arm,exp01,motion01_canonical,motion01,seg3,40.0,48.325001,9.89615536,9.66774273,0.34943011,0.05253295,-1.01475298,-0.65205163,5.21025085,3.65415859,8.35209274,8.92676830,-0.34023699,-0.00028229,0.07603200,0.01359047,-0.02365000,-0.05074377
canonical,arm,exp01,motion01_canonical,motion01,seg3,40.0,48.349998,9.26202583,9.67782879,0.09281766,0.03514450,-1.03550804,-0.66620857,4.37157202,3.73967695,8.09951878,8.90119934,0.04818200,-0.00231400,-0.07928000,0.00540323,0.00288000,-0.03464948
canonical,arm,exp01,motion01_canonical,motion01,seg3,40.0,48.375000,9.91495228,9.77844429,0.37463096,0.05341760,-0.77525902,-0.71927029,5.50266218,3.96454716,8.21133137,8.90971279,0.34556299,0.04057028,0.06581000,0.00499946,-0.12885500,-0.03438747
canonical,arm,exp01,motion01_canonical,motion01,seg3,40.0,48.400002,10.44671917,9.69500256,0.05543736,0.04361514,-1.29134703,-0.74561989,6.12478304,3.92659783,8.36381435,8.83283424,-0.05437500,0.00114357,0.00376100,0.00082656,-0.01012500,-0.04359232
canonical,arm,exp01,motion01_canonical,motion01,seg3,40.0,48.424999,9.55248547,9.66499424,0.35585690,0.04042921,-0.89484400,-0.78248084,4.85678101,3.76529646,8.17685223,8.86692619,-0.35270700,-0.00905464,-0.04708700,0.00622907,0.00383500,-0.03890672
canonical,arm,exp01,motion01_canonical,motion01,seg3,40.0,48.450001,9.38438034,9.66644001,0.15268970,0.02365773,-1.03454006,-0.74390519,4.40723705,3.63086081,8.22025394,8.92768288,0.13936800,0.00348131,0.05384900,0.01719584,-0.03148000,-0.01587047
canonical,arm,exp01,motion01_canonical,motion01,seg3,40.0,48.474998,9.92901802,9.57050228,0.20643853,0.02865157,-0.94636399,-0.61951095,5.47177410,3.72820091,8.23100758,8.79268074,0.19832399,0.02483612,-0.02841300,0.01252391,-0.04977100,0.00687253
canonical,arm,exp01,motion01_canonical,motion01,seg3,40.0,48.500000,9.95190907,9.71317005,0.06746519,0.02587776,-0.77048999,-0.67944741,5.56644392,3.94935346,8.21349812,8.84797287,-0.02799500,0.02473283,0.02061900,0.00751274,0.05781600,0.00122636
canonical,arm,exp01,motion01_canonical,motion01,seg3,40.0,48.525002,9.78706264,9.63579273,0.14017449,0.04274050,-1.15316999,-0.71610171,5.03908587,3.67504954,8.31049919,8.87860966,-0.10965600,0.03757757,0.06850300,0.02031167,-0.05414600,-0.00145327
canonical,arm,exp01,motion01_canonical,motion01,seg3,40.0,48.549999,9.43544197,9.67927647,0.17845577,0.04130295,-0.89211202,-0.63228834,4.88052988,3.93672919,8.02571583,8.81990719,0.15187199,0.03352386,-0.06203100,0.02341332,0.07023900,0.00582247
canonical,arm,exp01,motion01_canonical,motion01,seg3,40.0,48.575001,10.24330807,9.85212708,0.30673200,0.03255606,-0.87628901,-0.73004335,5.95026398,4.08504105,8.29167271,8.93554020,0.24593601,0.01936718,0.11875800,0.02153582,-0.13963000,-0.01486666
canonical,arm,exp01,motion01_canonical,motion01,seg3,40.0,48.599998,10.32113266,9.82661152,0.23389672,0.03931690,-1.27463603,-0.75444788,5.82148600,3.93356609,8.42682552,8.97330189,-0.22870401,0.00903862,0.00436500,0.02745062,0.04881700,-0.02665681
canonical,arm,exp01,motion01_canonical,motion01,seg3,40.0,48.625000,9.35866737,9.74034786,0.17597905,0.02772020,-0.84985399,-0.69440496,4.62432909,3.84908128,8.09184647,8.92058086,-0.16645800,-0.01683811,-0.05616600,0.01927617,0.01028300,-0.01064505
canonical,arm,exp01,motion01_canonical,motion01,seg3,40.0,48.650002,9.85641289,9.79507351,0.26867729,0.03664632,-0.95308399,-0.71702802,5.19631100,3.82823968,8.32098866,8.98743057,0.23373300,-0.03110410,0.11283600,0.01925402,-0.06945800,0.00218417
canonical,arm,exp01,motion01_canonical,motion01,seg3,40.0,48.674999,10.26371002,9.77287769,0.08980647,0.02675816,-1.23630095,-0.78870332,5.72907686,3.84006763,8.42573357,8.95214939,-0.08428200,-0.01197189,-0.01456300,0.01881464,0.02738000,0.01478790
canonical,arm,exp01,motion01_canonical,motion01,seg3,40.0,48.700001,9.49673557,9.74106216,0.12501256,0.01807289,-0.90912300,-0.74731380,4.97219896,3.93982315,8.03982067,8.87736511,-0.10974900,0.00835858,-0.01663100,0.00343505,0.05750400,0.01565132
canonical,arm,exp01,motion01_canonical,motion01,seg3,40.0,48.724998,9.76416111,9.80325317,0.20752616,0.03343787,-1.10571206,-0.75641316,5.21261311,3.97212553,8.18198681,8.93050003,0.19822501,0.03169912,0.04145600,-0.00634662,-0.04533600,0.00854268
canonical,arm,exp01,motion01_canonical,motion01,seg3,40.0,48.750000,10.23989487,9.76277256,0.06662859,0.01617433,-1.06156504,-0.75000983,5.86751986,3.94251180,8.32470703,8.89976501,0.05140100,0.00483946,-0.04183200,-0.01492681,0.00688400,0.00392158
canonical,arm,exp01,motion01_canonical,motion01,seg3,40.0,48.775002,9.79006481,9.78230572,0.22150080,0.02412273,-0.91495103,-0.70546269,5.23752689,3.91979933,8.22049522,8.93481922,-0.21398100,-0.00133303,-0.02805200,-0.02179375,0.04987800,0.01025483
canonical,arm,exp01,motion01_canonical,motion01,seg3,40.0,48.799999,9.62107849,9.74632359,0.04966502,0.03914913,-1.02474999,-0.71185917,4.92824078,3.86236787,8.19923687,8.91998863,0.04893100,-0.02510135,0.00112800,-0.02150459,0.00843200,0.02097926
canonical,arm,exp01,motion01_canonical,motion01,seg3,40.0,48.825001,9.89024258,9.66326714,0.11025725,0.03839874,-0.97561598,-0.69191360,5.47674608,3.89689755,8.17742825,8.81556511,0.10391500,0.00933491,-0.03311600,-0.02094879,0.01617600,0.03079725
canonical,arm,exp01,motion01_canonical,motion01,seg3,40.0,48.849998,9.82042408,9.56435680,0.08397432,0.03692378,-0.98059797,-0.72251654,5.46178722,3.84684110,8.10234737,8.72678089,-0.06911000,-0.00272001,-0.00816600,-0.02681536,0.04699800,0.02523694
canonical,arm,exp01,motion01_canonical,motion01,seg3,40.0,48.875000,9.57993221,9.63793945,0.12198038,0.03770075,-1.05006397,-0.76335615,4.86144018,3.76286530,8.18772697,8.84013653,-0.11196100,0.01147981,-0.01287500,-0.01955868,0.04667100,0.03011676
canonical,arm,exp01,motion01_canonical,motion01,seg3,40.0,48.900002,9.76138210,9.69911861,0.19872227,0.03332910,-0.96663600,-0.69243950,5.13761806,3.84791493,8.24348640,8.87620354,0.19740500,0.01703340,-0.02186800,-0.00366854,0.00660300,0.02841186
